Name,Set code,Set name,Collector number,Foil,Rarity,Quantity,ManaBox ID,Scryfall ID,Purchase price,Condition,Language,Purchase price currency,Added,Status,Last action,Last action at
"Daretti, Rocketeer Engineer",DFT,Aetherdrift,120,normal,rare,1,100067,be626e2f-1075-4497-bd5b-bd805777afd3,0.49,near_mint,en,USD,2026-09-12T02:28:13.632Z,in,,
Homunculus Horde,FDN,Foundations,41,normal,rare,1,100441,470c4d03-340a-4e0e-a59f-f19d05497785,1.99,near_mint,en,USD,2026-09-12T02:28:13.518Z,in,,
Temple of Deceit,FDN,Foundations,697,normal,rare,1,101244,e18748ce-e52e-4cd1-89d4-cd2578a0d574,0.75,near_mint,en,USD,2026-09-12T02:28:13.445Z,in,,
"Kellan, Planar Trailblazer",FDN,Foundations,91,normal,rare,1,101353,f46a9329-7b91-441d-8653-50c1152c9120,0.49,near_mint,en,USD,2026-09-12T02:28:13.246Z,in,,
Soulstone Sanctuary,PFDN,Foundations Promos,133s,foil,rare,1,101798,ee826988-0bd3-4bf4-84f9-a1a5fdfa2cbb,1.49,near_mint,en,USD,2026-09-12T02:28:13.202Z,in,,
Stock Up,DFT,Aetherdrift,67,normal,uncommon,1,102900,0a786855-6eb4-42c0-a528-4842db46809d,2.35,near_mint,en,USD,2026-09-12T02:28:13.564Z,in,,
Caves of Koilos,DRC,Aetherdrift Commander,148,normal,rare,1,102934,18e5a0d3-d132-40e2-85ae-a1b743dfdd33,1.25,near_mint,en,USD,2026-09-12T02:28:13.486Z,in,,
"Daretti, Rocketeer Engineer",DFT,Aetherdrift,358,foil,rare,1,102985,3993ac84-304a-4e42-aa39-b72be30471ea,0.99,near_mint,en,USD,2026-09-12T02:28:13.272Z,in,,
Lifecraft Engine,DFT,Aetherdrift,234,normal,rare,1,103003,40c92203-17df-4f10-92c6-ebcc79f01357,0.49,near_mint,en,USD,2026-09-12T02:28:13.637Z,in,,
Muraganda Raceway,DFT,Aetherdrift,257,normal,rare,1,103042,5041ae16-29ff-4ad5-8a37-4736e9409294,1.25,near_mint,en,USD,2026-09-12T02:28:13.636Z,in,,
Bleachbone Verge,DFT,Aetherdrift,250,normal,rare,1,103045,52dcdabd-a186-45fe-9fee-6c0f1afeaf16,13.99,near_mint,en,USD,2026-09-12T02:28:13.407Z,in,,
"Redshift, Rocketeer Chief",DFT,Aetherdrift,218,normal,rare,1,103071,5fba3820-32ba-47e9-9fa8-f985ff471b3f,0.49,near_mint,en,USD,2026-09-12T02:28:13.631Z,in,,
Conjurer's Closet,DRC,Aetherdrift Commander,126,normal,rare,1,103127,7e520d49-f3d5-46b3-a941-c57936648a47,4.99,near_mint,en,USD,2026-09-12T02:28:13.505Z,in,,
Cryptcaller Chariot,DFT,Aetherdrift,80,normal,rare,1,103201,a0c8259c-055e-4bff-b945-c0ecb057a8f0,0.75,near_mint,en,USD,2026-09-12T02:28:13.634Z,in,,
"Far Fortune, End Boss",DFT,Aetherdrift,363,normal,rare,1,103222,ae0bd239-25ae-496e-9be2-c2d968dc9346,0.49,near_mint,en,USD,2026-09-12T02:28:13.646Z,in,,
"Ketramose, the New Dawn",DFT,Aetherdrift,209,normal,mythic,2,103279,cffae8d0-7b4e-42ed-8124-24a86b38f490,4.99,near_mint,en,USD,2026-09-12T02:28:13.633Z,in,,
Lumbering Worldwagon,DFT,Aetherdrift,422,foil,rare,1,103420,06a85032-0c45-40f7-901a-3fd77ff212a4,0.75,near_mint,en,USD,2026-09-12T02:28:13.638Z,in,,
Unstoppable Plan,DFT,Aetherdrift,72,normal,rare,1,103598,aaeb5981-7e6a-4ffd-bb02-4757b2e92f08,2.35,near_mint,en,USD,2026-09-12T02:28:13.635Z,in,,
"Oviya, Automech Artisan",DFT,Aetherdrift,359,normal,rare,1,103628,c9b47651-5607-40b0-9e73-ad356b10acc9,1.25,near_mint,en,USD,2026-09-12T02:28:13.645Z,in,,
Sol Ring,SLD,Secret Lair Drop,910,foil,rare,1,103766,3e10052f-b3e5-4a2c-b268-9a12ce354eb9,6.99,near_mint,en,USD,2026-09-12T02:28:13.475Z,in,,
Fortified Village,TDC,Tarkir: Dragonstorm Commander,366,normal,rare,1,104617,4a0aeb3a-923a-4b97-9d27-ea7e0b57de75,0.49,near_mint,en,USD,2026-09-12T02:28:13.423Z,in,,
Access Tunnel,TDC,Tarkir: Dragonstorm Commander,337,normal,uncommon,1,104625,4bef5957-71a4-4fe0-b2ce-dff8e8690bd9,0.99,near_mint,en,USD,2026-09-12T02:28:13.470Z,in,,
Velomachus Lorehold,TDC,Tarkir: Dragonstorm Commander,309,normal,mythic,1,104646,523d8fe6-1efd-4278-82fe-ea4517e6665c,1.49,near_mint,en,USD,2026-09-12T02:28:13.285Z,in,,
Castle Ardenvale,TDC,Tarkir: Dragonstorm Commander,346,normal,rare,1,104698,65e4de2e-47d2-4967-be31-9df0057a9c74,0.49,near_mint,en,USD,2026-09-12T02:28:13.452Z,in,,
Whirlwind of Thought,TDC,Tarkir: Dragonstorm Commander,311,normal,rare,1,104703,67d032f9-4faf-42eb-86ba-3fadfea84a27,0.75,near_mint,en,USD,2026-09-12T02:28:13.591Z,in,,
Jeskai Revelation,TDM,Tarkir: Dragonstorm,361,normal,mythic,1,104741,7679a6a2-7704-4f37-9fdd-24414d411599,10.99,near_mint,en,USD,2026-09-12T02:28:13.327Z,in,,
Dismantling Wave,TDC,Tarkir: Dragonstorm Commander,112,normal,rare,1,104844,a06bc946-8625-4a87-8695-ecf236df95bc,0.75,near_mint,en,USD,2026-09-12T02:28:13.567Z,in,,
Canopy Vista,TDC,Tarkir: Dragonstorm Commander,343,normal,rare,1,104931,c2a85a8e-28bb-4899-a922-13a03dec844c,0.49,near_mint,en,USD,2026-09-12T02:28:13.426Z,in,,
Baral's Expertise,TDC,Tarkir: Dragonstorm Commander,146,normal,rare,1,104986,d5beecd5-4267-454d-87db-24d476e1f352,0.49,near_mint,en,USD,2026-09-12T02:28:13.588Z,in,,
Temple of Plenty,TDC,Tarkir: Dragonstorm Commander,405,normal,rare,1,105008,de1f7e5e-a503-4f99-91a1-2fdabb7d5e89,0.49,near_mint,en,USD,2026-09-12T02:28:13.424Z,in,,
Consider,TDC,Tarkir: Dragonstorm Commander,148,normal,common,1,105076,ff6f3824-3670-46e1-af43-0db405726084,0.75,near_mint,en,USD,2026-09-12T02:28:13.298Z,in,,
Aerith Gainsborough,FIN,Final Fantasy,4,normal,rare,1,105744,e86328b6-ded2-41df-8b6e-4a770e7b171e,2.99,near_mint,en,USD,2026-09-12T02:28:13.188Z,in,,
Lethal Scheme,FIC,Final Fantasy Commander,277,normal,rare,1,105806,0802be9f-686f-4321-afa4-d472241de653,0.49,near_mint,en,USD,2026-09-12T02:28:13.497Z,in,,
Skycloud Expanse,FIC,Final Fantasy Commander,423,normal,rare,1,105812,0972c465-0369-4ac2-9912-2898fad1bdba,0.49,near_mint,en,USD,2026-09-12T02:28:13.480Z,in,,
Exotic Orchard,FIC,Final Fantasy Commander,390,normal,rare,1,105912,47c2b572-b54a-444c-8d74-b005e94d751f,0.75,near_mint,en,USD,2026-09-12T02:28:13.481Z,in,,
Crux of Fate,FIC,Final Fantasy Commander,275,normal,rare,1,105926,4d507db6-29a6-4816-8e37-5b6e318d740f,1.05,near_mint,en,USD,2026-09-12T02:28:13.570Z,in,,
Cleansing Nova,FIC,Final Fantasy Commander,235,normal,rare,1,106012,81096eba-ad0a-4fa8-8d56-5a1ea9a9155b,0.49,near_mint,en,USD,2026-09-12T02:28:13.496Z,in,,
Blitzball Stadium,FIC,Final Fantasy Commander,111,foil,rare,1,106052,931c1983-f606-4dc2-8d0b-3a7160ee0d06,1.25,near_mint,en,USD,2026-09-12T02:28:13.198Z,in,,
Desolate Mire,FIC,Final Fantasy Commander,386,normal,rare,1,106085,a0ecbdad-aebf-421d-a71e-e112f8c0e4bb,0.65,near_mint,en,USD,2026-09-12T02:28:13.473Z,in,,
Void Rend,FIC,Final Fantasy Commander,331,normal,rare,1,106125,b1fe4252-f5f8-405a-82c4-2c7b35e7e7fb,0.99,near_mint,en,USD,2026-09-12T02:28:13.249Z,in,,
Cut a Deal,FIC,Final Fantasy Commander,238,normal,uncommon,1,106127,b42f5488-949f-434a-a9cf-c98e070d6a7f,0.99,near_mint,en,USD,2026-09-12T02:28:13.578Z,in,,
Darkwater Catacombs,FIC,Final Fantasy Commander,384,normal,rare,1,106141,bcb5a670-7c8f-4b76-82c6-c89abffbb4bd,0.49,near_mint,en,USD,2026-09-12T02:28:13.444Z,in,,
Shineshadow Snarl,FIC,Final Fantasy Commander,422,normal,rare,1,106214,e45eff2e-c624-4c59-b192-a9d7dc2eeeba,0.75,near_mint,en,USD,2026-09-12T02:28:13.471Z,in,,
"Rikku, Resourceful Guardian",FIC,Final Fantasy Commander,145,foil,rare,1,106246,f993e3dd-f275-452b-b883-b9d420a91ded,9.99,near_mint,en,USD,2026-09-12T02:28:13.200Z,in,,
Summon: Titan,FIN,Final Fantasy,373,normal,rare,1,106677,e5881485-7935-427e-911e-843f198d94dc,4.25,near_mint,en,USD,2026-09-12T02:28:13.514Z,in,,
Breeding Pool,EOE,Edge of Eternities,251,foil,rare,1,106761,3c750d5a-f743-41ff-b5ba-02025ca0bec2,12.99,near_mint,en,USD,2026-09-12T02:28:13.400Z,in,,
The Gitrog Monster,EOC,Edge of Eternities Commander,117,normal,mythic,1,107007,40489e28-878d-44a2-847f-07beef1aa0f8,1.49,near_mint,en,USD,2026-09-12T02:28:13.171Z,in,,
Godless Shrine,EOE,Edge of Eternities,280,normal,rare,1,107067,7bb18340-5507-44da-b008-6b010daad617,11.99,near_mint,en,USD,2026-09-12T02:28:13.408Z,in,,
Myriad Landscape,EOC,Edge of Eternities Commander,169,normal,uncommon,1,107112,a0e2098f-1d94-491a-a7e9-a45a9f69e3a8,0.49,near_mint,en,USD,2026-09-12T02:28:13.598Z,in,,
Consult the Star Charts,EOE,Edge of Eternities,51,foil,rare,1,107113,a16a6555-2e3a-4587-aacd-0307d696b26c,5.59,near_mint,en,USD,2026-09-12T02:28:13.253Z,in,,
Breeding Pool,EOE,Edge of Eternities,373,foil,rare,1,107217,fda15a78-a370-4cc6-a4df-92200d6ca826,,near_mint,en,USD,2026-09-12T02:28:13.401Z,in,,
Irrigated Farmland,EOC,Edge of Eternities Commander,162,normal,rare,1,107261,3cbc4f0a-6735-461c-ae7a-3c2ce342c4da,0.49,near_mint,en,USD,2026-09-12T02:28:13.439Z,in,,
Temple of Enlightenment,EOC,Edge of Eternities Commander,186,normal,rare,1,107342,dd139d4d-3a40-4015-93de-c838c64156c6,0.49,near_mint,en,USD,2026-09-12T02:28:13.437Z,in,,
Origin of Spider-Man,SPM,Marvel's Spider-Man,9,normal,rare,1,107657,a10a7da7-d9cb-495a-9c9f-205d355c390d,0.49,near_mint,en,USD,2026-09-12T02:28:13.346Z,in,,
"Doctor Octopus, Master Planner",SPM,Marvel's Spider-Man,128,normal,mythic,3,107868,76e1d361-18a1-4dec-a203-f83bf0014e02,7.99,near_mint,en,USD,2026-09-12T02:28:13.196Z,in,,
Kraven's Last Hunt,SPM,Marvel's Spider-Man,105,normal,rare,1,107883,d0c18ffe-a2b9-40df-a6b4-a9381e6dc467,0.49,near_mint,en,USD,2026-09-12T02:28:13.615Z,in,,
Kraven's Last Hunt,SPM,Marvel's Spider-Man,226,normal,rare,1,107888,eae0bf5a-d5b1-4d87-af8e-e7dd512dfb4a,0.49,near_mint,en,USD,2026-09-12T02:28:13.575Z,in,,
Multiversal Passage,SPM,Marvel's Spider-Man,180,normal,rare,1,107889,f5fb426a-5618-4dd4-9c51-0cc847be8c1d,10.99,near_mint,en,USD,2026-09-12T02:28:13.403Z,in,,
Terrasymbiosis,PEOE,Edge of Eternities Promos,210p,normal,rare,1,107989,b4224a9d-c5e1-4a16-9905-f648bf8bd66f,11.99,near_mint,en,USD,2026-09-12T02:28:13.221Z,in,,
"Bumi, Eclectic Earthbender",TLE,Avatar: The Last Airbender Eternal,248,normal,rare,2,108304,f324a384-7380-4f6e-bbba-fac1f2a01b5d,9.99,near_mint,en,USD,2026-09-12T02:28:13.218Z,in,,
Behold the Sinister Six!,SPM,Marvel's Spider-Man,51,normal,mythic,1,108430,1919bfec-1906-4178-ad32-d4589842e563,3.49,near_mint,en,USD,2026-09-12T02:28:13.613Z,in,,
The Clone Saga,SPM,Marvel's Spider-Man,28,foil,rare,1,108458,976432b3-bc17-4edb-86d6-00fd1baf9670,0.99,near_mint,en,USD,2026-09-12T02:28:13.182Z,in,,
Oscorp Industries,SPM,Marvel's Spider-Man,182,foil,rare,1,108492,1e609d6e-9e37-45d2-87de-8c76675f7cec,1.19,near_mint,en,USD,2026-09-12T02:28:13.466Z,in,,
Oscorp Industries,SPM,Marvel's Spider-Man,182,normal,rare,2,108492,1e609d6e-9e37-45d2-87de-8c76675f7cec,1.49,near_mint,en,USD,2026-09-12T02:28:13.468Z,in,,
Strength of Will,SPM,Marvel's Spider-Man,118,normal,rare,1,108529,68f985c7-7765-46c3-ad31-edae3abb9fbf,2.25,near_mint,en,USD,2026-09-12T02:28:13.560Z,in,,
Rocket-Powered Goblin Glider,SPM,Marvel's Spider-Man,172,normal,rare,1,108575,c6c39232-72cc-4363-83d0-b5873f14f231,0.49,near_mint,en,USD,2026-09-12T02:28:13.230Z,in,,
Urban Retreat,SPM,Marvel's Spider-Man,187,normal,rare,1,108623,2581f320-8238-413d-ab04-d5535da55630,0.59,near_mint,en,USD,2026-09-12T02:28:13.464Z,in,,
Emptiness,ECL,Lorwyn Eclipsed,294,normal,mythic,1,108960,9f53e76d-3038-41f7-b050-bb9d7c7d2ea3,3.25,near_mint,en,USD,2026-09-12T02:28:13.247Z,in,,
Temple Garden,ECL,Lorwyn Eclipsed,351,normal,rare,1,108971,ec75b840-420d-4512-a74a-d70f19be0085,12.99,near_mint,en,USD,2026-09-12T02:28:13.409Z,in,,
"Splinter, the Mentor",TMC,Teenage Mutant Ninja Turtles Eternal,3,normal,mythic,1,109270,06c595fa-55ff-46f3-afaf-17edae465864,2.99,near_mint,en,USD,2026-09-12T02:28:13.325Z,in,,
"Leonardo, Sewer Samurai",TMT,Teenage Mutant Ninja Turtles,17,normal,mythic,1,109271,0e3a0a26-c163-4f31-bed8-1be52a35feea,1.25,near_mint,en,USD,2026-09-12T02:28:13.380Z,in,,
Forest,TMT,Teenage Mutant Ninja Turtles,257,normal,common,1,109275,2f60db2d-7594-43af-8554-ba54e9023306,0.65,near_mint,en,USD,2026-09-12T02:28:13.321Z,in,,
Super Shredder,TMT,Teenage Mutant Ninja Turtles,83,foil,mythic,1,109276,37a497b8-e908-4ddc-996e-a8470df72afb,24.99,near_mint,en,USD,2026-09-12T02:28:13.334Z,in,,
Super Shredder,TMT,Teenage Mutant Ninja Turtles,83,normal,mythic,1,109276,37a497b8-e908-4ddc-996e-a8470df72afb,21.99,near_mint,en,USD,2026-09-12T02:28:13.333Z,in,,
Bebop & Rocksteady,TMT,Teenage Mutant Ninja Turtles,140,normal,rare,1,109279,535461bd-f763-408b-816f-64b7bfb9210d,0.49,near_mint,en,USD,2026-09-12T02:28:13.303Z,in,,
Raphael's Technique,TMT,Teenage Mutant Ninja Turtles,105,normal,rare,3,109288,7ce8b00f-5a4f-4206-8eb3-e79308e91f47,0.49,near_mint,en,USD,2026-09-12T02:28:13.129Z,in,,
Doubling Season,PZA,Teenage Mutant Ninja Turtles Source Material,11,normal,mythic,1,109292,8c2d6fde-5c3b-48c3-828c-832f00570824,29.99,near_mint,en,USD,2026-09-12T02:28:13.324Z,in,,
Heroes in a Half Shell,TMC,Teenage Mutant Ninja Turtles Eternal,6,normal,mythic,1,109300,ccc2a4e6-f505-4040-9d8a-c7b8e1a2b55e,2.49,near_mint,en,USD,2026-09-12T02:28:13.148Z,in,,
"Krang, Master Mind",TMT,Teenage Mutant Ninja Turtles,43,normal,rare,2,109301,d27fa497-e842-4812-80fe-28517544e1c5,1.49,near_mint,en,USD,2026-09-12T02:28:13.275Z,in,,
"April O'Neil, Hacktivist",TMT,Teenage Mutant Ninja Turtles,29,normal,rare,1,109305,f0147f6d-b797-4d5e-aca2-a9d309896eca,0.49,near_mint,en,USD,2026-09-12T02:28:13.500Z,in,,
Avatar's Wrath,TLA,Avatar: The Last Airbender,12,foil,rare,1,109423,4811072d-fac0-40dd-a5cf-9694d51b12cf,5.49,near_mint,en,USD,2026-09-12T02:28:13.225Z,in,,
Avatar's Wrath,TLA,Avatar: The Last Airbender,12,normal,rare,1,109423,4811072d-fac0-40dd-a5cf-9694d51b12cf,4.49,near_mint,en,USD,2026-09-12T02:28:13.566Z,in,,
The Legend of Roku // Avatar Roku,TLA,Avatar: The Last Airbender,357,foil,mythic,1,109426,4a8bdef0-c50c-4a30-81bc-507a8289a81b,22.99,near_mint,en,USD,2026-09-12T02:28:13.107Z,in,,
"Mai, Scornful Striker",TLA,Avatar: The Last Airbender,109,normal,rare,1,109465,74dd4c0e-27b8-4c47-b7a6-a281413cd6b4,1.25,near_mint,en,USD,2026-09-12T02:28:13.248Z,in,,
Firebending Student,TLA,Avatar: The Last Airbender,393,foil,rare,1,109470,79d1889c-4b3d-47d4-847e-4343cdaf9750,0.75,near_mint,en,USD,2026-09-12T02:28:13.208Z,in,,
The Legend of Yangchen // Avatar Yangchen,TLA,Avatar: The Last Airbender,354,normal,mythic,1,109492,944ddbe5-45bf-44c3-aad5-b051ec79ae8b,8.99,near_mint,en,USD,2026-09-12T02:28:13.213Z,in,,
The Legend of Roku // Avatar Roku,TLA,Avatar: The Last Airbender,145,normal,mythic,1,109494,95f2f5af-d405-4534-8683-5a9001f997b4,15.99,near_mint,en,USD,2026-09-12T02:28:13.498Z,in,,
The Legend of Yangchen // Avatar Yangchen,TLA,Avatar: The Last Airbender,27,normal,mythic,1,109504,a60e8f23-90b2-4bc6-bd54-a95055556389,4.49,near_mint,en,USD,2026-09-12T02:28:13.224Z,in,,
Swiftfoot Boots,TLE,Avatar: The Last Airbender Eternal,317,normal,rare,1,109517,aff074f2-6ad9-4c0c-88e2-fc622772d2a1,,near_mint,en,USD,2026-09-12T02:28:13.488Z,in,,
Elemental Teachings,TLA,Avatar: The Last Airbender,178,normal,rare,1,109539,cac8ac35-6860-4839-ab85-93d409206c08,0.49,near_mint,en,USD,2026-09-12T02:28:13.563Z,in,,
United Front,TLA,Avatar: The Last Airbender,331,normal,mythic,1,109557,dad8f56c-1bf2-4641-885d-04b885533a3c,4.49,near_mint,en,USD,2026-09-12T02:28:13.216Z,in,,
Avatar Destiny,TLA,Avatar: The Last Airbender,165,normal,rare,1,109697,4d74da72-8443-4fce-9d64-d2041f6a3292,0.49,near_mint,en,USD,2026-09-12T02:28:13.580Z,in,,
Fire Nation Palace,TLA,Avatar: The Last Airbender,268,normal,rare,1,109793,c91ac3f2-9fcd-4b41-a168-ae7f70b67d3c,1.99,near_mint,en,USD,2026-09-12T02:28:13.453Z,in,,
Great Divide Guide,TLA,Avatar: The Last Airbender,181,normal,rare,1,109795,cc3063ec-5ea6-46c1-8331-c740cbaf6c76,1.25,near_mint,en,USD,2026-09-12T02:28:13.222Z,in,,
Jasmine Dragon Tea Shop,TLA,Avatar: The Last Airbender,270,normal,rare,1,109810,da2c83d4-a95f-47ff-a08f-694eb78d6b9b,0.75,near_mint,en,USD,2026-09-12T02:28:13.462Z,in,,
Torment of Hailfire,SLD,Secret Lair Drop,2287,normal,rare,1,109841,141451e7-eb21-48ab-bf9f-632f4ea632bc,44.99,near_mint,en,USD,2026-09-12T02:28:13.211Z,in,,
Super-Skrull,MSH,Marvel Super Heroes,115,normal,rare,1,110042,11fc8221-756a-4919-9272-38793e9c1ad9,0.49,near_mint,en,USD,2026-09-12T02:28:13.690Z,in,,
"Captain America, Super-Soldier",MSH,Marvel Super Heroes,9,normal,mythic,1,110047,33631d6c-c584-42ff-afe5-2647b5fb321f,4.49,near_mint,en,USD,2026-09-12T02:28:13.172Z,in,,
World War Hulk,MSH,Marvel Super Heroes,304,foil,rare,1,110052,51524f8a-030c-4522-bfc0-d55c2c7c9326,2.79,near_mint,en,USD,2026-09-12T02:28:13.111Z,in,,
Moon Girl and Devil Dinosaur,MSH,Marvel Super Heroes,223,foil,rare,2,110058,8c6a6d11-45cb-4def-a04b-51b91e1747db,0.99,near_mint,en,USD,2026-09-12T02:28:13.145Z,in,,
World War Hulk,MSH,Marvel Super Heroes,197,normal,rare,1,110060,9032f05b-5c21-4996-90c1-268dc6dffbaa,1.25,near_mint,en,USD,2026-09-12T02:28:13.666Z,in,,
Doom Reigns Supreme,MSH,Marvel Super Heroes,96,foil,rare,1,110062,9b99894b-c774-45c2-9ee9-4d6a8e7522f5,0.99,near_mint,en,USD,2026-09-12T02:28:13.238Z,in,,
Doom Reigns Supreme,MSH,Marvel Super Heroes,96,normal,rare,1,110062,9b99894b-c774-45c2-9ee9-4d6a8e7522f5,0.49,near_mint,en,USD,2026-09-12T02:28:13.351Z,in,,
Baron Helmut Zemo,MSH,Marvel Super Heroes,87,normal,rare,1,110066,c2aadc25-7755-4bc8-a8af-b01d27eec364,0.49,near_mint,en,USD,2026-09-12T02:28:13.183Z,in,,
Bruce Banner // The Incredible Hulk,MSH,Marvel Super Heroes,49,normal,mythic,1,110070,e0dbbdcf-84e1-494f-8b8c-0a094f603fa9,4.65,near_mint,en,USD,2026-09-12T02:28:13.659Z,in,,
Force of Vigor,MAR,Marvel Universe,77,foil,mythic,1,110072,e507e356-6241-4347-bd56-e0609954f378,11.99,near_mint,en,USD,2026-09-12T02:28:13.100Z,in,,
Thunderbolts Conspiracy,MSH,Marvel Super Heroes,117,normal,rare,2,110075,f498c1a4-54d2-4e87-952f-8cf7e408930c,0.49,near_mint,en,USD,2026-09-12T02:28:13.355Z,in,,
Extinction Event,MAR,Marvel Universe,65,normal,mythic,1,110076,f6bcf690-c532-4d2d-8458-78a5613a6090,1.99,near_mint,en,USD,2026-09-12T02:28:13.126Z,in,,
Mornsong Aria,ECL,Lorwyn Eclipsed,111,normal,rare,1,110378,9985c554-8338-46b1-ac36-526d2eb61570,0.49,near_mint,en,USD,2026-09-12T02:28:13.352Z,in,,
Mistbind Clique,SPG,Special Guests,131,normal,mythic,1,110405,bfe2fb61-4034-40dd-bd17-345bc42099c5,4.49,near_mint,en,USD,2026-09-12T02:28:13.257Z,in,,
Return of the Wildspeaker,ECC,Lorwyn Eclipsed Commander,115,normal,rare,1,110466,2fa1dac5-51ba-403e-b48b-d2c0d23a8146,2.49,near_mint,en,USD,2026-09-12T02:28:13.244Z,in,,
Abundant Countryside,ECC,Lorwyn Eclipsed Commander,22,normal,rare,1,110475,37478625-dd07-476d-bd9b-b2e0d71ac0d1,4.49,near_mint,en,USD,2026-09-12T02:28:13.457Z,in,,
Raging Ravine,ECC,Lorwyn Eclipsed Commander,160,normal,rare,1,110480,3964c3a5-3ce7-4b73-89ec-ed1b9799aef8,0.49,near_mint,en,USD,2026-09-12T02:28:13.414Z,in,,
"Muldrotha, the Gravetide",ECC,Lorwyn Eclipsed Commander,128,normal,mythic,1,110528,705b4d97-2f50-47f7-9053-d748f4337553,1.49,near_mint,en,USD,2026-09-12T02:28:13.516Z,in,,
Canyon Slough,ECC,Lorwyn Eclipsed Commander,145,normal,rare,1,110629,d2ba7cfa-36f2-410f-80c3-5a06f4b48372,0.49,near_mint,en,USD,2026-09-12T02:28:13.432Z,in,,
Shatter the Sky,ECC,Lorwyn Eclipsed Commander,66,normal,rare,1,110644,e79f7e98-2f80-444b-8ca2-d529472ba798,0.49,near_mint,en,USD,2026-09-12T02:28:13.577Z,in,,
Raiding Schemes,ECL,Lorwyn Eclipsed,239,normal,rare,1,110679,0bab5da5-72a7-4340-9b53-492ab14a9f71,0.49,near_mint,en,USD,2026-09-12T02:28:13.581Z,in,,
End-Blaze Epiphany,ECL,Lorwyn Eclipsed,134,normal,rare,1,110684,0f0a90ae-b3b3-4f52-8997-eac514b29e57,0.49,near_mint,en,USD,2026-09-12T02:28:13.356Z,in,,
Soul Immolation,ECL,Lorwyn Eclipsed,156,normal,mythic,1,110703,234b70df-8c34-4da7-946e-b8b55a8df390,3.25,near_mint,en,USD,2026-09-12T02:28:13.573Z,in,,
Moonshadow,ECL,Lorwyn Eclipsed,110,normal,mythic,1,110707,2573e694-eaa0-42ca-b470-2ab507cbcec1,17.99,near_mint,en,USD,2026-09-12T02:28:13.393Z,in,,
Sapling Nursery,ECL,Lorwyn Eclipsed,192,normal,rare,1,110712,3199bea9-fef7-45fe-8777-2103d84a9347,2.99,near_mint,en,USD,2026-09-12T02:28:13.296Z,in,,
Celestial Reunion,ECL,Lorwyn Eclipsed,170,normal,mythic,1,110752,583b2863-aca1-4dab-9196-ea453b5d9454,1.99,near_mint,en,USD,2026-09-12T02:28:13.579Z,in,,
Spry and Mighty,ECL,Lorwyn Eclipsed,329,normal,rare,1,110851,ddc88ce9-716c-4328-95ec-f1c336d04c33,0.49,near_mint,en,USD,2026-09-12T02:28:13.582Z,in,,
Improvised Arsenal,TMT,Teenage Mutant Ninja Turtles,92,normal,rare,1,110900,003265d9-b2fc-4916-afc8-53ed2d6aa053,0.75,near_mint,en,USD,2026-09-12T02:28:13.621Z,in,,
"Savanti Romero, Time's Exile",TMT,Teenage Mutant Ninja Turtles,72,normal,rare,2,110901,01cb8ded-7f77-4b75-b799-23e9f5efb513,0.49,near_mint,en,USD,2026-09-12T02:28:13.544Z,in,,
"Slash, Reptile Rampager",TMT,Teenage Mutant Ninja Turtles,108,normal,rare,1,110902,025aafbc-5b24-4f5b-9b4a-81f6b9cb5ef3,1.25,near_mint,en,USD,2026-09-12T02:28:13.599Z,in,,
Ninja Teen,TMT,Teenage Mutant Ninja Turtles,67,normal,rare,2,110903,0825a28f-f60b-4f80-83e3-cad6f9b266ce,1.25,near_mint,en,USD,2026-09-12T02:28:13.274Z,in,,
Prehistoric Pet,TMT,Teenage Mutant Ninja Turtles,22,normal,rare,1,110904,148e6acd-a96a-4bea-8cfe-a129cd8d1003,0.49,near_mint,en,USD,2026-09-12T02:28:13.595Z,in,,
Groundchuck & Dirtbag,TMT,Teenage Mutant Ninja Turtles,115,normal,rare,1,110905,1563592e-0f21-4488-a3ec-ca766386e423,0.49,near_mint,en,USD,2026-09-12T02:28:13.308Z,in,,
"Michelangelo, Weirdness to 11",TMT,Teenage Mutant Ninja Turtles,121,normal,rare,2,110906,18477047-218d-4b2a-a086-37431b6a3025,3.75,near_mint,en,USD,2026-09-12T02:28:13.232Z,in,,
The Ooze,TMT,Teenage Mutant Ninja Turtles,177,normal,rare,2,110907,1f9bd4da-4626-40ba-95f4-14e3de36f989,5.49,near_mint,en,USD,2026-09-12T02:28:13.205Z,in,,
"Tokka & Rahzar, Terrible Twos",TMT,Teenage Mutant Ninja Turtles,171,normal,rare,1,110908,284f9012-a58d-41da-be7c-962dca052711,0.49,near_mint,en,USD,2026-09-12T02:28:13.302Z,in,,
"Renet, Temporal Apprentice",TMT,Teenage Mutant Ninja Turtles,50,normal,rare,1,110910,2ae30766-c858-4f4e-a042-14af55698cb2,0.49,near_mint,en,USD,2026-09-12T02:28:13.605Z,in,,
Turncoat Kunoichi,TMT,Teenage Mutant Ninja Turtles,26,normal,rare,2,110913,3ae61336-a4ee-40cd-9a18-392d96b873a4,0.49,near_mint,en,USD,2026-09-12T02:28:13.603Z,in,,
Ravenous Robots,TMT,Teenage Mutant Ninja Turtles,106,foil,rare,1,110914,3b303ea3-9f4d-4c28-9446-285a23f841a0,2.25,near_mint,en,USD,2026-09-12T02:28:13.331Z,in,,
Ravenous Robots,TMT,Teenage Mutant Ninja Turtles,106,normal,rare,2,110914,3b303ea3-9f4d-4c28-9446-285a23f841a0,2.25,near_mint,en,USD,2026-09-12T02:28:13.271Z,in,,
Turtle Power!,TMT,Teenage Mutant Ninja Turtles,135,normal,rare,1,110916,4079ca90-dcc3-4184-9dfc-a626e0776332,0.49,near_mint,en,USD,2026-09-12T02:28:13.601Z,in,,
North Wind Avatar,TMT,Teenage Mutant Ninja Turtles,162,normal,mythic,2,110917,41439cfe-bb3e-42f3-9d81-de9db537ce68,2.25,near_mint,en,USD,2026-09-12T02:28:13.627Z,in,,
"Raph & Leo, Sibling Rivals",TMT,Teenage Mutant Ninja Turtles,166,normal,rare,2,110918,49293f77-5d7b-4106-b485-db6ce0ed37e6,0.59,near_mint,en,USD,2026-09-12T02:28:13.593Z,in,,
"Madame Null, Power Broker",TMT,Teenage Mutant Ninja Turtles,66,foil,rare,1,110920,4e712d5c-d6fe-40bb-b8e5-5f50c6ea8d4f,1.19,near_mint,en,USD,2026-09-12T02:28:13.653Z,in,,
"Madame Null, Power Broker",TMT,Teenage Mutant Ninja Turtles,66,normal,rare,2,110920,4e712d5c-d6fe-40bb-b8e5-5f50c6ea8d4f,0.49,near_mint,en,USD,2026-09-12T02:28:13.606Z,in,,
"Don & Raph, Hard Science",TMT,Teenage Mutant Ninja Turtles,144,normal,rare,3,110921,4f38126c-26a9-4447-801f-4f19e84c4aa5,0.49,near_mint,en,USD,2026-09-12T02:28:13.536Z,in,,
"Armaggon, Future Shark",TMT,Teenage Mutant Ninja Turtles,58,normal,rare,1,110922,5989378b-0eac-43cf-bc83-8f7765536789,0.49,near_mint,en,USD,2026-09-12T02:28:13.619Z,in,,
"Mikey & Don, Party Planners",TMT,Teenage Mutant Ninja Turtles,157,normal,rare,2,110923,6353df1a-9a1b-41fd-985b-8c8acba36c23,0.49,near_mint,en,USD,2026-09-12T02:28:13.549Z,in,,
Triceraton Commander,TMT,Teenage Mutant Ninja Turtles,25,normal,mythic,1,110924,6445b690-71ce-4371-ae9c-bac0e70dda81,1.99,near_mint,en,USD,2026-09-12T02:28:13.270Z,in,,
Mondo Gecko,TMT,Teenage Mutant Ninja Turtles,46,normal,mythic,1,110925,665e44f9-bc0d-40aa-83a4-f7fe64f2506d,0.85,near_mint,en,USD,2026-09-12T02:28:13.306Z,in,,
"Raphael, the Nightwatcher",TMT,Teenage Mutant Ninja Turtles,103,foil,rare,1,110926,6af50b50-3776-4383-b493-7c5dd732c965,1.49,near_mint,en,USD,2026-09-12T02:28:13.292Z,in,,
"Raphael, the Nightwatcher",TMT,Teenage Mutant Ninja Turtles,103,normal,rare,2,110926,6af50b50-3776-4383-b493-7c5dd732c965,0.85,near_mint,en,USD,2026-09-12T02:28:13.190Z,in,,
"Leonardo, Cutting Edge",TMT,Teenage Mutant Ninja Turtles,15,foil,rare,1,110928,74c11ee3-19d1-4ad5-a727-1d74c565d6a5,1.49,near_mint,en,USD,2026-09-12T02:28:13.587Z,in,,
"Leonardo, Cutting Edge",TMT,Teenage Mutant Ninja Turtles,15,normal,rare,1,110928,74c11ee3-19d1-4ad5-a727-1d74c565d6a5,0.75,near_mint,en,USD,2026-09-12T02:28:13.534Z,in,,
"Raph & Mikey, Troublemakers",TMT,Teenage Mutant Ninja Turtles,167,normal,rare,2,110929,8795fba4-0ff3-4c04-a81c-60408608a00c,3.99,near_mint,en,USD,2026-09-12T02:28:13.330Z,in,,
"Krang, Utrom Warlord",TMT,Teenage Mutant Ninja Turtles,175,normal,mythic,2,110930,88d36c32-d6f9-46e4-9cc8-08e6c0ff05d2,24.99,near_mint,en,USD,2026-09-12T02:28:13.385Z,in,,
"Donatello, Gadget Master",TMT,Teenage Mutant Ninja Turtles,35,normal,rare,1,110931,8b5dd830-dab8-4628-845f-3d17973f9ffa,0.49,near_mint,en,USD,2026-09-12T02:28:13.300Z,in,,
"Shark Shredder, Killer Clone",TMT,Teenage Mutant Ninja Turtles,73,normal,rare,1,110932,8f946b3d-7d2a-4210-a909-d16078757e3b,0.49,near_mint,en,USD,2026-09-12T02:28:13.618Z,in,,
"Michelangelo, Improviser",TMT,Teenage Mutant Ninja Turtles,119,normal,mythic,1,110934,955848c0-5092-4e13-97c9-5978d44d5586,3.25,near_mint,en,USD,2026-09-12T02:28:13.223Z,in,,
Does Machines,TMT,Teenage Mutant Ninja Turtles,34,normal,rare,2,110935,989da63a-2cbd-41a9-9bbb-99f4ad1c6a25,0.49,near_mint,en,USD,2026-09-12T02:28:13.512Z,in,,
Chrome Dome,TMT,Teenage Mutant Ninja Turtles,172,normal,rare,2,110936,994a01eb-2689-49e7-be23-0713da9da9a8,1.25,near_mint,en,USD,2026-09-12T02:28:13.337Z,in,,
"Agent Bishop, Man in Black",TMT,Teenage Mutant Ninja Turtles,2,normal,rare,2,110938,9c769202-178c-442a-a9e2-aa08b5ae5c9a,0.49,near_mint,en,USD,2026-09-12T02:28:13.533Z,in,,
Kitsune's Technique,TMT,Teenage Mutant Ninja Turtles,42,normal,rare,4,110939,9ca5327e-df90-483c-875f-73a23781f56d,0.99,near_mint,en,USD,2026-09-12T02:28:13.243Z,in,,
Cool but Rude,TMT,Teenage Mutant Ninja Turtles,89,normal,rare,4,110942,a566ab2d-6ec8-4833-8ad6-210378b1a20e,9.99,near_mint,en,USD,2026-09-12T02:28:13.122Z,in,,
"Casey Jones, Vigilante",TMT,Teenage Mutant Ninja Turtles,88,normal,rare,1,110943,a6a3258d-2e9b-4862-b2e3-bbfae9bd4d33,0.85,near_mint,en,USD,2026-09-12T02:28:13.545Z,in,,
"Kitsune, Dragon's Daughter",TMT,Teenage Mutant Ninja Turtles,41,normal,rare,1,110944,a87a9257-4535-4286-8b59-a842ac45d05e,0.49,near_mint,en,USD,2026-09-12T02:28:13.538Z,in,,
"Leatherhead, Swamp Stalker",TMT,Teenage Mutant Ninja Turtles,117,normal,rare,4,110946,b1f6b5b5-12ca-468d-bc53-dd0cde60e7b6,1.99,near_mint,en,USD,2026-09-12T02:28:13.255Z,in,,
"Sally Pride, Lioness Leader",TMT,Teenage Mutant Ninja Turtles,24,normal,rare,2,110948,bcd8ee6b-7142-4548-8b7a-691a36411851,0.49,near_mint,en,USD,2026-09-12T02:28:13.305Z,in,,
"Rat King, Verminister",TMT,Teenage Mutant Ninja Turtles,71,normal,rare,2,110950,be464d88-8933-46e8-97b0-3be05f1976a3,0.59,near_mint,en,USD,2026-09-12T02:28:13.304Z,in,,
South Wind Avatar,TMT,Teenage Mutant Ninja Turtles,78,normal,rare,2,110951,c17bc07c-7147-4c84-aa0b-8a0865fba94e,2.49,near_mint,en,USD,2026-09-12T02:28:13.338Z,in,,
Party Dude,TMT,Teenage Mutant Ninja Turtles,128,normal,rare,1,110953,d27b6f2a-84df-4097-a66a-8e463db47f58,0.49,near_mint,en,USD,2026-09-12T02:28:13.539Z,in,,
Northampton Farm,TMT,Teenage Mutant Ninja Turtles,188,foil,rare,1,110954,dbca168e-095f-4fbc-88f8-3048d83caf94,0.99,near_mint,en,USD,2026-09-12T02:28:13.604Z,in,,
Northampton Farm,TMT,Teenage Mutant Ninja Turtles,188,normal,rare,1,110954,dbca168e-095f-4fbc-88f8-3048d83caf94,0.49,near_mint,en,USD,2026-09-12T02:28:13.309Z,in,,
"Splinter, Radical Rat",TMT,Teenage Mutant Ninja Turtles,169,normal,rare,1,110958,f0797466-c527-4d35-86bc-e0e90fd04073,0.75,near_mint,en,USD,2026-09-12T02:28:13.301Z,in,,
Turtle Van,TMT,Teenage Mutant Ninja Turtles,181,normal,rare,2,110959,fce6a8b6-b43c-4045-9378-97b2463f9b4d,0.49,near_mint,en,USD,2026-09-12T02:28:13.535Z,in,,
Splinter's Technique,TMT,Teenage Mutant Ninja Turtles,80,normal,rare,1,110960,fd3a5465-074a-4688-b79b-68e232076581,1.99,near_mint,en,USD,2026-09-12T02:28:13.269Z,in,,
Nature's Lore,SLD,Secret Lair Drop,2278,normal,rare,1,111113,9ec73912-aa0a-475b-b22a-ad71e8d9d0a8,39.99,near_mint,en,USD,2026-09-12T02:28:13.609Z,in,,
Here Comes a New Hero!,TMC,Teenage Mutant Ninja Turtles Eternal,11,normal,rare,1,111177,096a07e2-c213-4f8a-852f-813435bf1655,0.49,near_mint,en,USD,2026-09-12T02:28:13.565Z,in,,
Sodden Verdure,TMC,Teenage Mutant Ninja Turtles Eternal,74,normal,rare,1,111179,0b5e219b-28fa-40e3-8afb-355ae767326d,1.25,near_mint,en,USD,2026-09-12T02:28:13.451Z,in,,
Together Forever,TMC,Teenage Mutant Ninja Turtles Eternal,44,normal,rare,1,111191,1b19f82a-9724-41b1-934d-a8ec1493587b,0.49,near_mint,en,USD,2026-09-12T02:28:13.652Z,in,,
Raphael's Technique,TMT,Teenage Mutant Ninja Turtles,237,normal,rare,1,111201,27619fa6-f9bf-4e9c-9d5e-bc0d050aacd6,0.65,near_mint,en,USD,2026-09-12T02:28:13.236Z,in,,
Continue?,TMC,Teenage Mutant Ninja Turtles Eternal,7,normal,rare,1,111203,2c99c472-8820-43d8-9dfa-508dc3d07478,2.09,near_mint,en,USD,2026-09-12T02:28:13.339Z,in,,
Trouble in Pairs,PZA,Teenage Mutant Ninja Turtles Source Material,3,normal,mythic,1,111214,3f631a24-4d71-400c-a58d-ae91e193db2e,19.99,near_mint,en,USD,2026-09-12T02:28:13.358Z,in,,
Cinder Glade,TMC,Teenage Mutant Ninja Turtles Eternal,61,normal,rare,1,111224,45f13a94-c693-4a3b-a0bb-f18ae9fb1ca0,0.49,near_mint,en,USD,2026-09-12T02:28:13.413Z,in,,
Spire Garden,TMC,Teenage Mutant Ninja Turtles Eternal,75,normal,rare,1,111227,48444c3e-2068-4961-a9cd-9398052e5bd6,6.99,near_mint,en,USD,2026-09-12T02:28:13.412Z,in,,
Kitsune's Technique,TMT,Teenage Mutant Ninja Turtles,229,normal,rare,1,111228,4996c35b-892a-4e9e-8337-cc656d8cecf8,1.25,near_mint,en,USD,2026-09-12T02:28:13.157Z,in,,
Groundchuck & Dirtbag,TMT,Teenage Mutant Ninja Turtles,238,normal,rare,1,111243,53a7b366-f27e-4aad-a732-11b2f2c6e452,0.99,near_mint,en,USD,2026-09-12T02:28:13.550Z,in,,
"Mikey & Leo, Chaos & Order",TMT,Teenage Mutant Ninja Turtles,247,normal,rare,1,111244,53f1ae0b-e3fd-467a-9fc2-a5d6cce47765,3.99,near_mint,en,USD,2026-09-12T02:28:13.263Z,in,,
Krang & Shredder,TMT,Teenage Mutant Ninja Turtles,201,normal,rare,1,111253,5fbf2786-c591-49f8-8cfe-7137f02d0bb9,2.49,near_mint,en,USD,2026-09-12T02:28:13.639Z,in,,
Ashcoat of the Shadow Swarm,PZA,Teenage Mutant Ninja Turtles Source Material,6,normal,mythic,1,111260,6873a1d1-b1bc-4ed6-a734-0e35fd8dbc8e,3.79,near_mint,en,USD,2026-09-12T02:28:13.643Z,in,,
Plague of Vermin,PZA,Teenage Mutant Ninja Turtles Source Material,7,normal,mythic,1,111263,6c6aca69-1624-420f-b83e-290a2c38291e,1.99,near_mint,en,USD,2026-09-12T02:28:13.642Z,in,,
Technodrome,TMT,Teenage Mutant Ninja Turtles,222,normal,mythic,1,111265,6e7b458c-c4be-44d6-905a-daf3916f0b27,4.99,near_mint,en,USD,2026-09-12T02:29:38.263Z,in,,
Rain-Slicked Copse,TMC,Teenage Mutant Ninja Turtles Eternal,71,normal,rare,1,111267,70e5e700-b215-4a55-ae96-04e9f886cad1,0.49,near_mint,en,USD,2026-09-12T02:28:13.442Z,in,,
Hinterland Harbor,TMC,Teenage Mutant Ninja Turtles Eternal,69,normal,rare,1,111276,7598a728-796b-4b82-b269-217ecca44c2c,0.75,near_mint,en,USD,2026-09-12T02:28:13.443Z,in,,
Sunken Hollow,TMC,Teenage Mutant Ninja Turtles Eternal,76,normal,rare,1,111279,7ab0a5f2-5260-403d-9522-954efc91e96d,0.49,near_mint,en,USD,2026-09-12T02:28:13.446Z,in,,
"Don & Leo, Problem Solvers",TMT,Teenage Mutant Ninja Turtles,242,foil,rare,1,111285,807ed47f-53a6-40e5-a1d2-82414299c5e1,0.99,near_mint,en,USD,2026-09-12T02:28:13.212Z,in,,
Dragonskull Summit,TMC,Teenage Mutant Ninja Turtles Eternal,64,normal,rare,1,111298,897976cb-a242-493e-b215-843bcdb6b44d,1.25,near_mint,en,USD,2026-09-12T02:28:13.428Z,in,,
Smoldering Marsh,TMC,Teenage Mutant Ninja Turtles Eternal,73,normal,rare,2,111323,a4746e54-974a-4743-ab9b-a9e49034b16d,0.49,near_mint,en,USD,2026-09-12T02:28:13.429Z,in,,
Exotic Orchard,TMC,Teenage Mutant Ninja Turtles Eternal,66,normal,rare,1,111326,ac9d97ef-a64b-43ef-8e4d-f3ebe46d9932,0.49,near_mint,en,USD,2026-09-12T02:28:13.459Z,in,,
Grand Coliseum,TMC,Teenage Mutant Ninja Turtles Eternal,68,normal,rare,2,111332,b07eb189-559a-4cd5-95ac-f6612fd11cf1,0.99,near_mint,en,USD,2026-09-12T02:28:13.460Z,in,,
Dark Leo & Shredder,TMT,Teenage Mutant Ninja Turtles,220,normal,mythic,1,111342,b8988f95-1c0b-4886-ad3f-b9d38edb672d,14.99,near_mint,en,USD,2026-09-12T02:28:13.192Z,in,,
"Big Apple, 3 a.m.",TMC,Teenage Mutant Ninja Turtles Eternal,42,normal,rare,1,111344,b9cc16f9-fea3-4527-9b81-3c84ce9c5e01,0.99,near_mint,en,USD,2026-09-12T02:28:13.465Z,in,,
Vernal Fen,TMC,Teenage Mutant Ninja Turtles Eternal,81,normal,rare,1,111346,ba8f92ec-cd84-4958-9b31-b89598cb274d,0.99,near_mint,en,USD,2026-09-12T02:28:13.447Z,in,,
City of Brass,TMC,Teenage Mutant Ninja Turtles Eternal,62,normal,rare,1,111352,c21565d0-fc40-4d89-9b27-87c03385e0af,15.99,near_mint,en,USD,2026-09-12T02:28:13.404Z,in,,
Silverclad Ferocidons,PZA,Teenage Mutant Ninja Turtles Source Material,9,normal,mythic,1,111363,d042bcf5-476e-4994-bec5-831b6b84d74e,0.99,near_mint,en,USD,2026-09-12T02:28:13.640Z,in,,
Teleportation Circle,PZA,Teenage Mutant Ninja Turtles Source Material,2,normal,mythic,1,111364,d4291f04-2f94-483f-93f6-db313ecffabf,5.99,near_mint,en,USD,2026-09-12T02:28:13.349Z,in,,
North Wind Avatar,TMT,Teenage Mutant Ninja Turtles,248,normal,mythic,1,111365,d4316e3e-550f-459d-bbcb-1006d029246d,2.35,near_mint,en,USD,2026-09-12T02:28:13.279Z,in,,
Level Up,TMC,Teenage Mutant Ninja Turtles Eternal,31,normal,rare,1,111366,d4398907-17d2-4fad-bfa9-56925fb75834,2.49,near_mint,en,USD,2026-09-12T02:28:13.320Z,in,,
"Michelangelo, Improviser",TMT,Teenage Mutant Ninja Turtles,219,normal,mythic,1,111378,e5737e15-60d1-4423-bd3c-8d21f274a548,7.99,near_mint,en,USD,2026-09-12T02:28:13.228Z,in,,
Michelangelo's Technique,TMT,Teenage Mutant Ninja Turtles,239,normal,rare,1,111379,e5f41ef3-9f3a-43ae-bb17-626788f84c01,0.49,near_mint,en,USD,2026-09-12T02:28:13.644Z,in,,
Rootbound Crag,TMC,Teenage Mutant Ninja Turtles Eternal,72,normal,rare,1,111387,f01bb3fd-14c6-47cb-aba3-e3069da56c9f,0.75,near_mint,en,USD,2026-09-12T02:28:13.415Z,in,,
Undergrowth Stadium,TMC,Teenage Mutant Ninja Turtles Eternal,80,foil,rare,1,111391,f25aa8aa-e2f7-4634-8a96-2082e76c6503,,near_mint,en,USD,2026-09-12T02:28:13.411Z,in,,
Hidden Hideout,TMC,Teenage Mutant Ninja Turtles Eternal,43,normal,rare,1,111393,f356522c-018d-43c7-988a-9ef9829ae75c,3.49,near_mint,en,USD,2026-09-12T02:28:13.458Z,in,,
Fast Forward,TMC,Teenage Mutant Ninja Turtles Eternal,24,normal,rare,1,111400,fe07512e-46c1-4f45-a06f-5875acaf8928,0.49,near_mint,en,USD,2026-09-12T02:28:13.585Z,in,,
"Mikey & Leo, Chaos & Order",TMT,Teenage Mutant Ninja Turtles,200,normal,rare,1,111495,919d670a-7555-4981-afba-b7c0706458d8,6.99,near_mint,en,USD,2026-09-12T02:28:13.329Z,in,,
"Raphael, the Nightwatcher",TMT,Teenage Mutant Ninja Turtles,213,normal,rare,3,111521,d2011f85-7ae2-423f-90b9-abbc69fd1056,2.35,near_mint,en,USD,2026-09-12T02:28:13.195Z,in,,
Pensive Professor,SOS,Secrets of Strixhaven,63,normal,rare,1,111707,66d47940-84f9-4479-8562-45e5148435d4,0.49,near_mint,en,USD,2026-09-12T02:28:13.559Z,in,,
Professor Dellian Fel,SOS,Secrets of Strixhaven,214,normal,mythic,1,111712,6ff3b4d8-1271-4c5d-8834-7662244f173d,5.99,near_mint,en,USD,2026-09-12T02:28:13.143Z,in,,
Wisdom of Ages,SOS,Secrets of Strixhaven,71,normal,rare,1,111734,b227ef04-33e4-44e8-a357-0ea3dfe5d49b,0.49,near_mint,en,USD,2026-09-12T02:28:13.492Z,in,,
Temple of Malady,SOC,Secrets of Strixhaven Commander,413,normal,rare,1,111859,1ca36218-db87-4e44-8606-2a516504ed20,0.49,near_mint,en,USD,2026-09-12T02:28:13.449Z,in,,
Furycalm Snarl,SOC,Secrets of Strixhaven Commander,375,normal,rare,1,111873,25a1cd4f-be6c-4e05-93ba-9e393cec76df,0.49,near_mint,en,USD,2026-09-12T02:28:13.438Z,in,,
Llanowar Wastes,SOC,Secrets of Strixhaven Commander,383,normal,rare,1,111875,266316d3-3bbc-4283-aab8-69629855909f,1.99,near_mint,en,USD,2026-09-12T02:28:13.448Z,in,,
Necroblossom Snarl,SOC,Secrets of Strixhaven Commander,389,normal,rare,1,111914,4355ba23-de6a-4f18-baf4-82ae47cc2965,0.99,near_mint,en,USD,2026-09-12T02:28:13.450Z,in,,
Rite of Replication,SOC,Secrets of Strixhaven Commander,202,normal,rare,1,111932,5032d71d-d9f8-498c-97d1-271c2e9c1c47,0.49,near_mint,en,USD,2026-09-12T02:28:13.586Z,in,,
Scorched Geyser,SOC,Secrets of Strixhaven Commander,54,normal,rare,1,111947,5abdcad7-3b7a-43f6-a0ad-3aa99ee55c91,2.49,near_mint,en,USD,2026-09-12T02:28:13.421Z,in,,
Big Score,SOC,Secrets of Strixhaven Commander,237,normal,common,1,112012,8b2699d2-2057-4fbf-8e52-736fcfe2759d,1.49,near_mint,en,USD,2026-09-12T02:28:13.607Z,in,,
Curse of the Swine,SOC,Secrets of Strixhaven Commander,192,normal,rare,1,112030,91eb9067-0bc7-4497-ba9c-c1ea41e5a379,0.49,near_mint,en,USD,2026-09-12T02:28:13.584Z,in,,
Temple of Epiphany,SOC,Secrets of Strixhaven Commander,412,normal,rare,1,112127,cc63cd97-de9e-4d31-babb-aaad1277169e,0.49,near_mint,en,USD,2026-09-12T02:28:13.418Z,in,,
Shivan Reef,SOC,Secrets of Strixhaven Commander,404,normal,rare,1,112160,e13d0982-2542-4770-8e93-637478a0f84a,1.25,near_mint,en,USD,2026-09-12T02:28:13.420Z,in,,
Sunscorched Divide,SOC,Secrets of Strixhaven Commander,410,normal,rare,1,112172,eae999f9-9c58-4609-8ade-aca0acf07519,0.49,near_mint,en,USD,2026-09-12T02:28:13.436Z,in,,
Maelstrom Artisan // Rocket Volley,SOS,Secrets of Strixhaven,122,normal,rare,1,112237,5c88391d-271f-4021-a5d9-158ebc1e6357,0.49,near_mint,en,USD,2026-09-12T02:28:13.556Z,in,,
Splatter Technique,SOS,Secrets of Strixhaven,231,foil,rare,1,112253,969b6657-c3b9-47e1-a42e-95bbcccf452d,0.99,near_mint,en,USD,2026-09-12T02:28:13.343Z,in,,
Suspend Aggression,SOS,Secrets of Strixhaven,236,normal,rare,1,112282,135c0696-d86d-4e48-988c-5c218de451fc,0.39,near_mint,en,USD,2026-09-12T02:28:13.555Z,in,,
Flashback,SOS,Secrets of Strixhaven,115,normal,rare,1,112283,1b832fda-d7c4-4566-884c-2a8b6da15488,4.99,near_mint,en,USD,2026-09-12T02:28:13.234Z,in,,
Mana Sculpt,SOS,Secrets of Strixhaven,57,normal,rare,1,112284,200c8e3d-c53b-40c7-a29a-fccc1281bfc6,1.25,near_mint,en,USD,2026-09-12T02:28:13.511Z,in,,
Ambitious Augmenter,SOS,Secrets of Strixhaven,140,normal,rare,1,112312,85629088-2007-4db5-9397-bac12a3d7498,0.49,near_mint,en,USD,2026-09-12T02:28:13.557Z,in,,
Flow State,SOS,Secrets of Strixhaven,49,normal,uncommon,1,112343,47d6093b-b1b6-4956-8bfd-02cce899f832,3.49,near_mint,en,USD,2026-09-12T02:28:13.209Z,in,,
Echocasting Symposium,SOS,Secrets of Strixhaven,44,normal,mythic,1,112349,5d7086a7-dc42-468a-a2cf-a6f89030f947,3.99,near_mint,en,USD,2026-09-12T02:28:13.583Z,in,,
Berserk,SOA,Secrets of Strixhaven Mystical Archive,50,normal,mythic,1,112419,0fe6e7d3-7e33-4e6b-91c8-47fd4ba3cb5b,8.99,near_mint,en,USD,2026-09-12T02:28:13.207Z,in,,
Pyretic Ritual,SOA,Secrets of Strixhaven Mystical Archive,46,normal,rare,1,112531,e4507ef5-0d30-42ca-b305-f99c6e10432b,6.99,near_mint,en,USD,2026-09-12T02:28:13.342Z,in,,
Postmortem Professor,SOS,Secrets of Strixhaven,93,normal,rare,1,112566,174f5d7e-5d36-4d13-96bf-9b12cd644716,0.39,near_mint,en,USD,2026-09-12T02:28:13.558Z,in,,
Comforting Counsel,SOS,Secrets of Strixhaven,143,normal,rare,1,112612,5223a04f-6b47-4379-80ce-8489c4a91734,0.49,near_mint,en,USD,2026-09-12T02:28:13.554Z,in,,
Veil of Summer,SOA,Secrets of Strixhaven Mystical Archive,60,normal,rare,1,112616,5724a4a3-dd66-4a66-af8b-5374119ecdfb,5.99,near_mint,en,USD,2026-09-12T02:28:13.341Z,in,,
"Moseo, Vein's New Dean",SOS,Secrets of Strixhaven,91,normal,rare,1,112625,6877180c-22a1-4c4d-9178-316f4c34661b,0.99,near_mint,en,USD,2026-09-12T02:28:13.553Z,in,,
Pox Plague,SOS,Secrets of Strixhaven,94,normal,rare,1,112653,9c99c17b-ad3a-4859-97e8-469718b81cd9,0.49,near_mint,en,USD,2026-09-12T02:28:13.568Z,in,,
Fix What's Broken,SOS,Secrets of Strixhaven,188,foil,rare,1,112678,c0cd1d71-8e4a-4e00-80cd-83aec231fa57,0.99,near_mint,en,USD,2026-09-12T02:28:13.340Z,in,,
Pox Plague,SOS,Secrets of Strixhaven,328,normal,rare,1,112690,cb66cb9b-9877-4146-901c-5f2cbfe86c73,0.59,near_mint,en,USD,2026-09-12T02:28:13.569Z,in,,
Decorum Dissertation,PSOS,Secrets of Strixhaven Promos,78p,normal,mythic,1,112847,900a94ab-5193-4884-8dcc-2735c6a44bbd,5.99,near_mint,en,USD,2026-09-12T02:28:13.193Z,in,,
Vastlands Scavenger // Bind to Life,PSOS,Secrets of Strixhaven Promos,166p,normal,rare,1,112854,a96e337e-a914-4a86-89e4-a231b2868571,0.49,near_mint,en,USD,2026-09-12T02:28:13.289Z,in,,
Resonating Lute,PSOS,Secrets of Strixhaven Promos,221p,normal,rare,1,112862,b64f41bc-0161-4c75-a8fa-7168d3259fed,1.49,near_mint,en,USD,2026-09-12T02:28:13.135Z,in,,
"Thorin, Mountain-king",HOB,The Hobbit,114,normal,mythic,2,112904,117347af-0dd7-4350-901d-8c8a81387e22,5.99,near_mint,en,USD,2026-09-12T02:28:13.695Z,in,,
My Precious // Allure of Power,HOB,The Hobbit,176,normal,rare,1,112906,15ae4d50-be2f-412c-bb6b-b0a06b60474a,2.99,near_mint,en,USD,2026-09-12T02:28:13.323Z,in,,
"Tom, Bert, and William",HOB,The Hobbit,169,foil,rare,1,112909,211a9764-3c60-46ba-bb53-e6692640ec8f,0.99,near_mint,en,USD,2026-09-12T02:28:13.315Z,in,,
"Tom, Bert, and William",HOB,The Hobbit,169,normal,rare,2,112909,211a9764-3c60-46ba-bb53-e6692640ec8f,0.49,near_mint,en,USD,2026-09-12T02:28:13.314Z,in,,
Riddles in the Dark,HOB,The Hobbit,53,normal,rare,2,112936,a6129286-7437-4ba4-be55-586a22cd67ca,0.99,near_mint,en,USD,2026-09-12T02:28:13.694Z,in,,
The Vision,MSH,Marvel Super Heroes,255,normal,rare,1,112954,2961cf20-33c8-4e66-9d0f-6daca8ea7880,0.99,near_mint,en,USD,2026-09-12T02:28:13.524Z,in,,
"Vision, Synthezoid Avenger",MSC,Marvel Super Heroes Commander,119,normal,rare,1,112957,f7007b77-84ec-4391-b279-8c188dd569d0,0.75,near_mint,en,USD,2026-09-12T02:28:13.377Z,in,,
Fog,SLD,Secret Lair Drop,2667,foil,rare,1,113057,92bfd2c6-2226-4f92-bb77-e614ad096996,5.99,near_mint,en,USD,2026-09-12T02:28:13.166Z,in,,
Earthquake,SLD,Secret Lair Drop,2666,foil,rare,1,113059,ac5d49b5-cf4d-48a4-b21d-0a3b7e6320a4,2.49,near_mint,en,USD,2026-09-12T02:28:13.167Z,in,,
"Storm, Queen of Wakanda",MSC,Marvel Super Heroes Commander,97,normal,rare,1,113125,0a61d843-2a7c-459c-9018-1ee4488c90a9,0.99,near_mint,en,USD,2026-09-12T02:28:13.113Z,in,,
Bruce Banner // The Incredible Hulk,MSH,Marvel Super Heroes,359,normal,mythic,1,113128,0ccb6a0e-a8aa-413d-8e6d-f25447800ed4,19.99,near_mint,en,USD,2026-09-12T02:28:13.357Z,in,,
Armor Wars,MSH,Marvel Super Heroes,203,normal,rare,1,113133,11a13397-1d31-4257-87c2-a757a751c601,0.49,near_mint,en,USD,2026-09-12T02:28:13.526Z,in,,
The Kingpin of Crime,MSH,Marvel Super Heroes,327,foil,rare,1,113140,1803564a-5ec5-4c0d-817c-5575127a3703,1.49,near_mint,en,USD,2026-09-12T02:28:13.127Z,in,,
"Loki, God of Mischief",MSH,Marvel Super Heroes,65,normal,rare,1,113147,236c437f-ee9d-4145-a4db-b665908089cf,2.49,near_mint,en,USD,2026-09-12T02:28:13.670Z,in,,
Construct a Cosmic Cube,MSH,Marvel Super Heroes,406,normal,rare,1,113148,248b4c86-163b-46eb-9949-e8d8e5875294,0.75,near_mint,en,USD,2026-09-12T02:28:13.199Z,in,,
"Thanos, the Mad Titan",MSH,Marvel Super Heroes,376,foil,mythic,1,113151,29e82e97-79b3-4495-9aa0-a90242d594b2,14.99,near_mint,en,USD,2026-09-12T02:28:13.101Z,in,,
"Thanos, the Mad Titan",MSH,Marvel Super Heroes,376,normal,mythic,1,113151,29e82e97-79b3-4495-9aa0-a90242d594b2,7.65,near_mint,en,USD,2026-09-12T02:28:13.102Z,in,,
"Leader, Super-Genius",MSH,Marvel Super Heroes,64,normal,rare,2,113153,2c8aab8d-2dfe-49c8-9aa8-536b0587b467,0.49,near_mint,en,USD,2026-09-12T02:28:13.180Z,in,,
Arc Reactor,MSH,Marvel Super Heroes,243,normal,rare,2,113158,339acb17-4b8e-4836-9cc5-8a0a946ebc73,0.99,near_mint,en,USD,2026-09-12T02:28:13.124Z,in,,
M.O.D.O.K.,MSH,Marvel Super Heroes,106,normal,mythic,2,113162,38e87542-50f7-4812-9338-84e4b9b7bb44,4.99,near_mint,en,USD,2026-09-12T02:28:13.376Z,in,,
Arc Reactor,MSH,Marvel Super Heroes,310,normal,rare,2,113164,3b7e9150-028d-482d-9bd8-d9d3e56d24be,1.25,near_mint,en,USD,2026-09-12T02:28:13.125Z,in,,
Moon Girl and Devil Dinosaur,MSH,Marvel Super Heroes,421,foil,rare,1,113169,42141284-32b3-4195-b696-801232fe6799,0.99,near_mint,en,USD,2026-09-12T02:28:13.146Z,in,,
Construct a Cosmic Cube,MSH,Marvel Super Heroes,90,normal,rare,1,113172,448de757-ac16-4529-b851-1a1331b821a5,0.49,near_mint,en,USD,2026-09-12T02:28:13.687Z,in,,
Worlds Within Worlds,MSH,Marvel Super Heroes,241,normal,rare,1,113175,4765e39c-cbf2-4605-9bf1-3baad7d92cfb,0.49,near_mint,en,USD,2026-09-12T02:28:13.675Z,in,,
"Mjölnir, Hammer of Thor",MSH,Marvel Super Heroes,303,normal,mythic,1,113179,4ae7df19-14f2-4f0f-b545-32be7b98b678,34.99,near_mint,en,USD,2026-09-12T02:28:13.189Z,in,,
Tony Stark // The Invincible Iron Man,MSH,Marvel Super Heroes,80,normal,mythic,2,113182,4cea42fd-035e-4b8f-8b1d-ff363b694f14,5.09,near_mint,en,USD,2026-09-12T02:28:13.103Z,in,,
"Mister Fantastic, Reed Richards",MSH,Marvel Super Heroes,320,normal,uncommon,1,113207,6fa1c908-68cb-4832-b972-f9efe7d55cdb,0.49,near_mint,en,USD,2026-09-12T02:28:13.168Z,in,,
"Loki, God of Mischief",MSH,Marvel Super Heroes,343,normal,rare,1,113221,881af8c7-2d4d-4b68-b999-20e56a973311,4.99,near_mint,en,USD,2026-09-12T02:28:13.658Z,in,,
Secret Invasion,MSH,Marvel Super Heroes,301,normal,rare,1,113233,97728b94-7807-45d8-9048-996ece5447e1,0.49,near_mint,en,USD,2026-09-12T02:28:13.382Z,in,,
"Daredevil, Man Without Fear",MSH,Marvel Super Heroes,432,foil,rare,2,113239,a5f5730d-8c6b-4708-887d-9499439da4e7,,near_mint,en,USD,2026-09-12T02:28:13.175Z,in,,
"Leader, Super-Genius",MSH,Marvel Super Heroes,330,normal,rare,1,113245,aef5d45a-de20-4c27-866d-f305b04cd47a,0.99,near_mint,en,USD,2026-09-12T02:28:13.654Z,in,,
"Wolverine, Fierce Fighter",MSH,Marvel Super Heroes,240,normal,rare,1,113257,c1c7aa22-51b0-45ee-9a8e-5493a1820d8c,0.39,near_mint,en,USD,2026-09-12T02:28:13.683Z,in,,
"Thor, God of Thunder",MSH,Marvel Super Heroes,156,normal,mythic,1,113261,cddd314c-c271-475a-b076-01a8599c8015,12.75,near_mint,en,USD,2026-09-12T02:28:13.354Z,in,,
The Vision,MSH,Marvel Super Heroes,379,foil,rare,1,113264,d41a55d9-6007-4b1c-a917-2cb5e8f64000,3.99,near_mint,en,USD,2026-09-12T02:28:13.121Z,in,,
The Vision,MSH,Marvel Super Heroes,379,normal,rare,1,113264,d41a55d9-6007-4b1c-a917-2cb5e8f64000,2.49,near_mint,en,USD,2026-09-12T02:28:13.359Z,in,,
The Unbeatable Squirrel Girl,MSH,Marvel Super Heroes,193,normal,rare,2,113268,d8b94ebb-0b3a-4e68-8c0c-3a61ac32f3ef,2.25,near_mint,en,USD,2026-09-12T02:28:13.363Z,in,,
"Mjölnir, Hammer of Thor",MSH,Marvel Super Heroes,146,foil,mythic,1,113273,e0c7f566-5351-44e3-a346-b84b0eb10209,27.99,near_mint,en,USD,2026-09-12T02:28:13.360Z,in,,
"Captain Marvel, Earth's Protector",MSH,Marvel Super Heroes,11,normal,mythic,2,113280,eb098550-22e6-4079-8c59-ed9ec2f764e3,1.49,near_mint,en,USD,2026-09-12T02:28:13.370Z,in,,
Privileged Position,MAR,Marvel Universe,92,normal,mythic,1,113290,05961dad-9fe6-409f-8bfd-c6176072e9b1,1.99,near_mint,en,USD,2026-09-12T02:28:13.655Z,in,,
Sundering Growth,MAR,Marvel Universe,95,normal,mythic,1,113295,2aa6ff08-efd2-4f51-b899-19ba6815767a,0.99,near_mint,en,USD,2026-09-12T02:28:13.265Z,in,,
Concerted Effort,MAR,Marvel Universe,42,normal,mythic,1,113302,6b6b0a9f-0373-43c0-9c84-5c2efe902676,1.99,near_mint,en,USD,2026-09-12T02:28:13.266Z,in,,
Anthem of Champions,MAR,Marvel Universe,85,foil,mythic,1,113303,7d2f262a-dc38-4414-8c66-0ef5eac7ad20,2.99,near_mint,en,USD,2026-09-12T02:28:13.264Z,in,,
Anthem of Champions,MAR,Marvel Universe,85,normal,mythic,1,113303,7d2f262a-dc38-4414-8c66-0ef5eac7ad20,1.25,near_mint,en,USD,2026-09-12T02:28:13.114Z,in,,
Monstrous Rage,MAR,Marvel Universe,72,normal,mythic,1,113308,9ebf25f9-844c-40c6-b0f0-d5c82ee04656,0.99,near_mint,en,USD,2026-09-12T02:28:13.140Z,in,,
Return to the Ranks,MAR,Marvel Universe,48,normal,mythic,1,113314,bbc54478-d2f8-4abf-b664-cf014027c0dc,0.85,near_mint,en,USD,2026-09-12T02:28:13.641Z,in,,
Light of Promise,MAR,Marvel Universe,46,normal,mythic,1,113324,f78673f6-8173-4d0e-ae50-539cad30aa5c,1.25,near_mint,en,USD,2026-09-12T02:28:13.138Z,in,,
Gathering Place,MSH,Marvel Super Heroes,266,normal,rare,1,113326,081cdbd0-5081-4a9e-90ba-f5baf4ac137e,1.99,near_mint,en,USD,2026-09-12T02:28:13.427Z,in,,
"Daredevil, Man Without Fear",MSH,Marvel Super Heroes,213,normal,rare,1,113327,14e821bb-55cc-474e-9b63-0ceecc2666c1,0.49,near_mint,en,USD,2026-09-12T02:28:13.682Z,in,,
Training Compound,MSH,Marvel Super Heroes,384,normal,rare,1,113328,18085a32-bfc4-421b-9e76-ad46bab1f337,2.99,near_mint,en,USD,2026-09-12T02:28:13.410Z,in,,
The Ruinous Wrecking Crew,MSH,Marvel Super Heroes,224,normal,rare,1,113334,4d8c8ceb-84cd-46d2-9230-ab6ca4569334,0.49,near_mint,en,USD,2026-09-12T02:28:13.678Z,in,,
S.H.I.E.L.D. Flying Car,MSH,Marvel Super Heroes,74,normal,rare,2,113338,8e651410-b829-4468-b866-a9dd15f909ad,0.49,near_mint,en,USD,2026-09-12T02:28:13.527Z,in,,
Dark Fortress,MSH,Marvel Super Heroes,264,foil,rare,1,113339,c16fd43c-7c47-4c1b-860f-91146532e89d,2.79,near_mint,en,USD,2026-09-12T02:28:13.430Z,in,,
Dark Fortress,MSH,Marvel Super Heroes,264,normal,rare,1,113339,c16fd43c-7c47-4c1b-860f-91146532e89d,2.99,near_mint,en,USD,2026-09-12T02:28:13.431Z,in,,
Gleaming Bastion,MSH,Marvel Super Heroes,267,normal,rare,2,113340,c9131bf5-17e3-4aa6-97ed-ed6426b247d0,3.99,near_mint,en,USD,2026-09-12T02:28:13.441Z,in,,
"Daredevil, Man Without Fear",MSH,Marvel Super Heroes,324,normal,rare,1,113342,c9e6348f-f77b-42e6-a123-709e8c03013a,2.49,near_mint,en,USD,2026-09-12T02:28:13.371Z,in,,
Dark Fortress,MSH,Marvel Super Heroes,380,normal,rare,1,113344,e9b288fb-d122-4c9f-9dd9-d21856a6aac9,3.49,near_mint,en,USD,2026-09-12T02:28:13.433Z,in,,
The Super Hero Civil War,MSH,Marvel Super Heroes,231,normal,rare,1,113345,fbd1f333-5640-41f8-b9dd-1c322ac7724a,0.49,near_mint,en,USD,2026-09-12T02:28:13.668Z,in,,
"Ultron, Artificial Malevolence",MSH,Marvel Super Heroes,252,normal,mythic,2,113346,32ddd5ac-57ed-4e78-8932-a65980191f6e,12.99,near_mint,en,USD,2026-09-12T02:28:13.108Z,in,,
Captain America's Shield,MSH,Marvel Super Heroes,244,foil,rare,1,113347,4b5433ac-0d36-4472-bf8b-d22f0ffd367b,2.49,near_mint,en,USD,2026-09-12T02:28:13.128Z,in,,
Captain America's Shield,MSH,Marvel Super Heroes,244,normal,rare,3,113347,4b5433ac-0d36-4472-bf8b-d22f0ffd367b,1.49,near_mint,en,USD,2026-09-12T02:28:13.250Z,in,,
Captain America's Shield,MSH,Marvel Super Heroes,317,normal,rare,1,113349,8d70d97a-d0a9-4603-8f59-174d54b0e095,4.99,near_mint,en,USD,2026-09-12T02:28:13.139Z,in,,
"Patriot, Shield Wielder",MSH,Marvel Super Heroes,30,normal,uncommon,1,113356,1467d7c9-00d8-43f1-b4e7-a279d2b10503,0.29,near_mint,en,USD,2026-09-12T02:28:13.698Z,in,,
"Mole Man, Moloid Master",MSH,Marvel Super Heroes,177,normal,rare,3,113359,1b406cc5-75c9-430a-83a2-de0f2a8aeae6,2.49,near_mint,en,USD,2026-09-12T02:28:13.368Z,in,,
"Captain Mar-Vell, Space-Born",MSH,Marvel Super Heroes,12,normal,uncommon,1,113360,27924c2f-756c-42af-9830-18a5a2735137,0.29,near_mint,en,USD,2026-09-12T02:28:13.647Z,in,,
"Nick Fury, Agent of S.H.I.E.L.D.",MSH,Marvel Super Heroes,25,foil,rare,1,113365,3aa6fc02-ef76-426b-accd-6c0ef88b2a5e,0.99,near_mint,en,USD,2026-09-12T02:28:13.365Z,in,,
Absorbing Man,MSH,Marvel Super Heroes,199,normal,rare,2,113369,7114ef87-53ff-43e9-864c-9faa455d86ef,0.49,near_mint,en,USD,2026-09-12T02:28:13.528Z,in,,
Avengers Disassembled,MSH,Marvel Super Heroes,124,normal,rare,1,113370,72d3e750-870b-497d-80d7-e3df097db554,2.49,near_mint,en,USD,2026-09-12T02:28:13.362Z,in,,
Fin Fang Foom,MSH,Marvel Super Heroes,129,foil,rare,1,113372,7777fac1-7bf5-4454-960d-26ec3183e392,1.49,near_mint,en,USD,2026-09-12T02:28:13.141Z,in,,
Super-Soldier Serum,MSH,Marvel Super Heroes,38,normal,rare,1,113373,845b0be1-4f85-4a8c-8205-dc85c8cf9a61,0.99,near_mint,en,USD,2026-09-12T02:28:13.367Z,in,,
Origin of the Avengers,MSH,Marvel Super Heroes,28,normal,rare,3,113380,9b0701e8-e365-425a-b897-92f4df9edcb8,0.49,near_mint,en,USD,2026-09-12T02:28:13.152Z,in,,
"Ms. Marvel, Kamala Khan",MSH,Marvel Super Heroes,67,normal,rare,1,113381,9dd2d627-10fc-4045-8545-03bcf75e60ca,0.49,near_mint,en,USD,2026-09-12T02:28:13.151Z,in,,
"Ms. Marvel, Kamala Khan",MSH,Marvel Super Heroes,361,foil,rare,1,113383,aea6935f-1f10-4a61-83f8-5bd2ed14a3c0,1.49,near_mint,en,USD,2026-09-12T02:28:13.130Z,in,,
Super-Soldier Serum,MSH,Marvel Super Heroes,299,normal,rare,1,113385,dbe76b0f-b9ba-4a5d-ae35-288cc95dd6a4,1.25,near_mint,en,USD,2026-09-12T02:28:13.131Z,in,,
Fin Fang Foom,MSH,Marvel Super Heroes,411,foil,rare,1,113387,e79ef21e-ddd3-408a-88a6-7383f88ea320,1.49,near_mint,en,USD,2026-09-12T02:28:13.142Z,in,,
"Winter Soldier, Icy Assassin",MSH,Marvel Super Heroes,239,normal,rare,1,113390,ebf71ffc-6e3e-4ca0-a84a-3c1ebd2b64b1,0.49,near_mint,en,USD,2026-09-12T02:28:13.676Z,in,,
The Serpent Society,MSH,Marvel Super Heroes,226,foil,rare,1,113401,209855ee-d531-4b58-926b-8da171d46619,1.49,near_mint,en,USD,2026-09-12T02:28:13.239Z,in,,
The Serpent Society,MSH,Marvel Super Heroes,226,normal,rare,1,113401,209855ee-d531-4b58-926b-8da171d46619,0.59,near_mint,en,USD,2026-09-12T02:28:13.529Z,in,,
"Ares, God of War",MSH,Marvel Super Heroes,202,normal,rare,1,113409,3e121d65-d341-40b9-bebc-1e7d1b83905c,0.49,near_mint,en,USD,2026-09-12T02:28:13.680Z,in,,
Scientist Supreme of A.I.M.,MSH,Marvel Super Heroes,225,normal,rare,2,113518,0473a990-88c4-4921-a492-377d9171318a,0.49,near_mint,en,USD,2026-09-12T02:28:13.531Z,in,,
"The Mighty Thor, Jane Foster",MSH,Marvel Super Heroes,222,normal,rare,1,113527,082cc8cc-bbea-4ca7-a0e8-da1f865d6626,0.49,near_mint,en,USD,2026-09-12T02:28:13.679Z,in,,
"Taskmaster, Mercenary Mimic",MSH,Marvel Super Heroes,232,normal,rare,1,113532,0d4265fd-cbfa-4e57-89fd-a1d757acfe81,0.59,near_mint,en,USD,2026-09-12T02:28:13.177Z,in,,
We Say Thee Nay!,MSH,Marvel Super Heroes,82,normal,common,1,113548,13b70321-75bd-4d44-b9f6-5f062a5dda0f,0.29,near_mint,en,USD,2026-09-12T02:28:13.663Z,in,,
Bastion Protector,MSC,Marvel Super Heroes Commander,122,normal,rare,1,113554,1582488a-ad15-487e-9271-6d9330b46fb4,0.75,near_mint,en,USD,2026-09-12T02:28:13.381Z,in,,
"Hawkeye, Avenging Archer",MSC,Marvel Super Heroes Commander,84,normal,rare,1,113584,1f394a6f-3649-4464-939b-c183b2b01768,0.49,near_mint,en,USD,2026-09-12T02:28:13.699Z,in,,
Hex Magic,MSH,Marvel Super Heroes,133,normal,uncommon,3,113591,259bed47-1950-43ae-8efd-3009537529a8,1.49,near_mint,en,USD,2026-09-12T02:28:13.364Z,in,,
Vision Quest,MSH,Marvel Super Heroes,309,normal,rare,1,113593,271ee6c8-164b-4d6a-a7c0-3aa8dea10b7d,0.49,near_mint,en,USD,2026-09-12T02:28:13.241Z,in,,
Heroic Feast,MSH,Marvel Super Heroes,172,normal,rare,1,113614,32d05c3d-cf03-492e-a956-2e77c36e36c4,0.49,near_mint,en,USD,2026-09-12T02:28:13.688Z,in,,
"Loki, Lord of Misrule",MSC,Marvel Super Heroes Commander,628,normal,mythic,1,113623,3636ecb1-8bb9-49aa-a40b-c0d0b3b71158,49.99,near_mint,en,USD,2026-09-12T02:28:13.179Z,in,,
Avengers: Under Siege,MSH,Marvel Super Heroes,205,normal,rare,1,113638,3c379a3f-bde1-4dc1-9843-afcb5f40792f,0.49,near_mint,en,USD,2026-09-12T02:28:13.669Z,in,,
Alien Invasion,MSH,Marvel Super Heroes,417,normal,rare,1,113641,3d32fd3a-ce7f-42b2-84ca-4f25f096ade0,0.49,near_mint,en,USD,2026-09-12T02:28:13.201Z,in,,
Avengers: Under Siege,MSH,Marvel Super Heroes,306,foil,rare,1,113645,3e02a423-363a-422e-b71b-0daf3722ffcc,0.99,near_mint,en,USD,2026-09-12T02:28:13.144Z,in,,
Avengers: Under Siege,MSH,Marvel Super Heroes,306,normal,rare,1,113645,3e02a423-363a-422e-b71b-0daf3722ffcc,0.49,near_mint,en,USD,2026-09-12T02:28:13.350Z,in,,
Epic Fight,MSH,Marvel Super Heroes,351,normal,rare,1,113667,444303ce-b9c1-49be-86ca-8a7e39f06e7c,0.99,near_mint,en,USD,2026-09-12T02:28:13.372Z,in,,
"Giant-Man, Gargantuan Genius",MSC,Marvel Super Heroes Commander,722,foil,rare,1,113670,45c6871c-0b6a-4ae1-a2b6-e1049b2225ea,1.49,near_mint,en,USD,2026-09-12T02:28:13.260Z,in,,
Daily Bugle Newspaper,MSC,Marvel Super Heroes Commander,749,normal,uncommon,1,113671,46155477-758e-47a0-9fb9-dec7869978d9,0.29,near_mint,en,USD,2026-09-12T02:28:13.153Z,in,,
The Wondrous Wasp,MSH,Marvel Super Heroes,84,normal,rare,3,113675,484e80a4-1d5f-4c27-98a8-ee2ef9d6cbdc,1.99,near_mint,en,USD,2026-09-12T02:28:13.375Z,in,,
Gift of Immortality,MSC,Marvel Super Heroes Commander,134,normal,rare,1,113682,4ae22015-073a-4666-9e3b-15dcf61f50ce,0.49,near_mint,en,USD,2026-09-12T02:28:13.495Z,in,,
"Quicksilver, Speedster",MSC,Marvel Super Heroes Commander,91,normal,rare,1,113722,5a454bad-c137-4d7c-9fcc-928c0c1798f4,0.99,near_mint,en,USD,2026-09-12T02:28:13.701Z,in,,
Kid Loki,MSH,Marvel Super Heroes,63,normal,uncommon,2,113727,5c9ff69e-6489-49f3-b401-64856f0b7c11,0.39,near_mint,en,USD,2026-09-12T02:28:13.597Z,in,,
The Astonishing Ant-Man,MSH,Marvel Super Heroes,204,foil,rare,1,113731,5d98073e-2828-4365-a8d6-f631aac0cca9,1.49,near_mint,en,USD,2026-09-12T02:28:13.174Z,in,,
"Black Widow, Super Spy",MSH,Marvel Super Heroes,89,foil,mythic,1,113750,63ce0909-7d7d-410d-ab6c-c87fa3e23877,3.49,near_mint,en,USD,2026-09-12T02:28:13.664Z,in,,
"Black Widow, Super Spy",MSH,Marvel Super Heroes,89,normal,mythic,1,113750,63ce0909-7d7d-410d-ab6c-c87fa3e23877,2.55,near_mint,en,USD,2026-09-12T02:28:13.665Z,in,,
Castle Doom,MSH,Marvel Super Heroes,263,normal,rare,1,113756,6b39d7a6-ca2d-4376-a18e-efd0138e83bc,0.49,near_mint,en,USD,2026-09-12T02:28:13.456Z,in,,
Hero's Blade,MSC,Marvel Super Heroes Commander,201,normal,uncommon,1,113767,6f2fa911-5735-4ee2-828f-59dea6927b20,0.29,near_mint,en,USD,2026-09-12T02:28:13.649Z,in,,
Heroic Return,MSC,Marvel Super Heroes Commander,17,normal,rare,2,113771,707e0b51-701b-4eb6-b721-19c21a3c4d90,0.49,near_mint,en,USD,2026-09-12T02:28:13.137Z,in,,
Red Hulk,MSH,Marvel Super Heroes,329,foil,uncommon,1,113814,7e623818-838b-4c02-a23a-498cf18d70d6,0.39,near_mint,en,USD,2026-09-12T02:28:13.164Z,in,,
Tome of Legends,MSC,Marvel Super Heroes Commander,223,normal,rare,2,113829,84546bb2-6c82-4e3e-8f64-cb7aa865ee60,0.49,near_mint,en,USD,2026-09-12T02:28:13.650Z,in,,
"Spider-Man, To the Rescue",MSH,Marvel Super Heroes,335,foil,uncommon,1,113840,87dd1800-b9b6-4bac-a504-28146a42a4b4,0.49,near_mint,en,USD,2026-09-12T02:28:13.165Z,in,,
Avenge,MSC,Marvel Super Heroes Commander,11,normal,rare,1,113852,8b385779-bc6b-4f67-8724-d8ae136d1436,0.75,near_mint,en,USD,2026-09-12T02:28:13.700Z,in,,
Scavenger Grounds,MSC,Marvel Super Heroes Commander,263,normal,rare,1,113891,9fbe68ba-ffe5-4fe0-ac0a-0b3221e4f395,0.49,near_mint,en,USD,2026-09-12T02:28:13.406Z,in,,
Destroy Evil,MSC,Marvel Super Heroes Commander,128,normal,common,1,113918,af2498a2-3763-408a-9bd2-279034869285,0.29,near_mint,en,USD,2026-09-12T02:28:13.648Z,in,,
"Spider-Man, New Champion",MSC,Marvel Super Heroes Commander,705,foil,rare,1,113951,bc90f14c-9289-4284-bc89-e0df8e03152b,4.99,near_mint,en,USD,2026-09-12T02:28:13.261Z,in,,
Epic Fight,MSH,Marvel Super Heroes,166,normal,rare,1,114011,d521b80b-4b0b-4d69-bd95-4c83feaf2145,0.49,near_mint,en,USD,2026-09-12T02:28:13.684Z,in,,
Earth's Mightiest Heroes,MSH,Marvel Super Heroes,349,normal,mythic,1,114020,d8eebea7-a210-41c2-b505-3b9a4cdd5339,2.49,near_mint,en,USD,2026-09-12T02:28:13.373Z,in,,
Righteous Fury,MAR,Marvel Universe,49,normal,mythic,1,114052,e6a3a9fd-9653-45dd-b592-a36f85af8fc4,1.99,near_mint,en,USD,2026-09-12T02:28:13.163Z,in,,
"Ironheart, Clever Champion",MSH,Marvel Super Heroes,360,normal,rare,1,114063,ebfaaaac-b0ad-4f1d-93b4-64dcccfe1cd1,1.25,near_mint,en,USD,2026-09-12T02:28:13.156Z,in,,
Methods of the Mighty,MSC,Marvel Super Heroes Commander,21,normal,rare,1,114082,f3699f46-6173-47e1-97b2-a7632224fb6c,0.49,near_mint,en,USD,2026-09-12T02:28:13.379Z,in,,
Alien Invasion,MSH,Marvel Super Heroes,200,normal,rare,1,114084,f46a7158-5807-4750-a1f3-853aabb56b99,0.49,near_mint,en,USD,2026-09-12T02:28:13.185Z,in,,
"Jocasta, Automaton Avenger",MSC,Marvel Super Heroes Commander,108,normal,rare,1,114089,f666e211-0d80-4f01-b206-dac19bcbcfa7,0.75,near_mint,en,USD,2026-09-12T02:28:13.702Z,in,,
"Cloak and Dagger, Entwined",MSH,Marvel Super Heroes,211,normal,rare,2,114096,fa01d35f-1064-4a7c-9475-4504566df850,0.49,near_mint,en,USD,2026-09-12T02:28:13.262Z,in,,
Super-Adaptoid,MSH,Marvel Super Heroes,250,normal,rare,1,114100,fbbd8609-5a00-4188-96fe-77251579b88d,0.49,near_mint,en,USD,2026-09-12T02:28:13.154Z,in,,
"Lockjaw, Slobbering Teleporter",MSC,Marvel Super Heroes Commander,36,normal,rare,1,114187,e273f4e6-4691-4cb3-89e2-9b1ab45a2bc0,0.99,near_mint,en,USD,2026-09-12T02:28:13.119Z,in,,
Don't Move,MAR,Marvel Universe,43,normal,mythic,1,114200,c55e5f0d-8a4b-4b6f-ab43-1268b6fac74e,2.99,near_mint,en,USD,2026-09-12T02:28:13.112Z,in,,
Loyal Retainers,MSC,Marvel Super Heroes Commander,136,normal,mythic,1,114291,3092e715-36cf-4b41-95c1-cf271646db39,0.99,near_mint,en,USD,2026-09-12T02:28:13.118Z,in,,
"Zuri, Warrior of Wakanda",MSC,Marvel Super Heroes Commander,72,normal,rare,1,114330,b8225b51-d5a4-4b46-9a10-b581362b6a11,0.49,near_mint,en,USD,2026-09-12T02:28:13.155Z,in,,
"Bast, Panther Goddess",MSC,Marvel Super Heroes Commander,392,normal,rare,1,114388,331e122e-f2dd-4497-917b-a6111c9eceb9,7.99,near_mint,en,USD,2026-09-12T02:28:13.109Z,in,,
Doombot,TMSH,Marvel Super Heroes Tokens,18,normal,common,1,114405,452680b5-5032-413a-bb5a-3fc8cfe88be9,2.99,near_mint,en,USD,2026-09-12T02:28:13.395Z,in,,
"Loki, God of Lies",MSC,Marvel Super Heroes Commander,512,foil,rare,1,114531,b519a04b-64a6-456f-b02a-a54be50342be,,near_mint,en,USD,2026-09-12T02:28:13.115Z,in,,
Galactus,TMSH,Marvel Super Heroes Tokens,8,normal,common,1,114565,d911f8c6-88a5-4f66-a400-4df72b49c351,1.49,near_mint,en,USD,2026-09-12T02:28:13.396Z,in,,
"Atraxa, Praetors' Voice",PF26,MagicFest 2026,10,foil,mythic,1,114643,974900db-87c4-4d39-8687-90ca7a8b6dda,,near_mint,en,USD,2026-09-12T02:28:13.098Z,in,,
Desolation of Smaug,HOB,The Hobbit,93,normal,rare,1,114799,2462358b-52c8-49b2-8d97-d65a9188f8f7,0.59,near_mint,en,USD,2026-09-12T02:28:13.537Z,in,,
"Thranduil, the Elvenking",HOB,The Hobbit,246,normal,rare,1,114827,a416ca91-e646-40b4-824c-24aed6b9c683,13.99,near_mint,en,USD,2026-09-12T02:28:13.399Z,in,,
"Gollum, Riddle Master",HOB,The Hobbit,70,normal,mythic,2,114835,bbdc7e37-c65a-497a-92b7-a30a6e369c71,3.49,near_mint,en,USD,2026-09-12T02:28:13.158Z,in,,
"Bard, King of Dale",HOB,The Hobbit,144,normal,mythic,1,114837,c05c2aa6-29c7-40f8-872e-91099b9225c4,7.99,near_mint,en,USD,2026-09-12T02:28:13.136Z,in,,
"Sting, Bilbo's Sword",HOB,The Hobbit,178,foil,rare,1,114844,d6a8d698-c454-42c4-ad4e-9a7625d5569f,0.99,near_mint,en,USD,2026-09-12T02:28:13.214Z,in,,
"Sting, Bilbo's Sword",HOB,The Hobbit,178,normal,rare,1,114844,d6a8d698-c454-42c4-ad4e-9a7625d5569f,0.49,near_mint,en,USD,2026-09-12T02:28:13.541Z,in,,
"Elrond, Moon-Reader",HOB,The Hobbit,36,normal,mythic,2,114855,fbcb310c-be73-46f8-8e65-8632454ccc6e,3.99,near_mint,en,USD,2026-09-12T02:28:13.181Z,in,,
"Thranduil, the Elvenking",HOB,The Hobbit,167,normal,rare,1,114858,fe2fe8fa-3b99-44c1-bab9-922e5c864952,0.99,near_mint,en,USD,2026-09-12T02:28:13.276Z,in,,
The Misty Mountains Cold,HOB,The Hobbit,321,foil,rare,1,114884,1aaf8a8a-1032-4ee5-9c18-2debb40ec561,,near_mint,en,USD,2026-09-12T02:28:13.277Z,in,,
The Master of Lake-town,HOB,The Hobbit,77,normal,rare,1,114885,3788ada6-34a9-41af-a31c-2d090550e503,0.75,near_mint,en,USD,2026-09-12T02:28:13.120Z,in,,
Part in Friendship,HOB,The Hobbit,134,normal,rare,1,114889,b4ff1eac-6d97-40ab-9b7c-c2fdca0917d9,0.49,near_mint,en,USD,2026-09-12T02:28:13.547Z,in,,
The Lord of the Eagles,HOB,The Hobbit,240,foil,rare,1,114903,8acfaac6-5a63-4fd6-999b-562e989e2ce1,9.99,near_mint,en,USD,2026-09-12T02:28:13.319Z,in,,
The Lord of the Eagles,HOB,The Hobbit,240,normal,rare,1,114903,8acfaac6-5a63-4fd6-999b-562e989e2ce1,5.99,near_mint,en,USD,2026-09-12T02:28:13.318Z,in,,
"Orcrist, Goblin-cleaver",HOB,The Hobbit,177,normal,mythic,1,114916,f54f1c1d-6a22-43e9-a842-0a1ae25b323c,17.99,near_mint,en,USD,2026-09-12T02:28:13.397Z,in,,
The Lord of the Eagles,HOB,The Hobbit,46,normal,rare,1,114918,fa0554fc-9448-4ae2-8712-4f4f7af3c7b4,0.59,near_mint,en,USD,2026-09-12T02:28:13.525Z,in,,
Chief Warg's Company,HOB,The Hobbit,208,normal,rare,1,114919,0dd7b2d8-ca9d-4125-b57e-9b14deae8d9b,1.25,near_mint,en,USD,2026-09-12T02:28:13.123Z,in,,
Chief Warg's Company,HOB,The Hobbit,151,normal,rare,2,114934,bbc634af-63d2-444a-8123-85f16fe3e364,0.59,near_mint,en,USD,2026-09-12T02:28:13.282Z,in,,
Desert Were-Worm,HOB,The Hobbit,92,foil,rare,1,114939,fc12c22a-11ff-4fb0-bc42-dd8490b8efb7,0.99,near_mint,en,USD,2026-09-12T02:28:13.286Z,in,,
Belladonna Took,HOB,The Hobbit,214,normal,rare,2,114952,0ff767b1-b04d-4d1d-bc91-3bd1361c5ee8,6.99,near_mint,en,USD,2026-09-12T02:28:13.132Z,in,,
Bilbo's Gambit,HOB,The Hobbit,5,normal,rare,1,114953,45ad01f0-cda8-4931-82bb-cb4949e56ae9,3.49,near_mint,en,USD,2026-09-12T02:28:13.391Z,in,,
Belladonna Took,HOB,The Hobbit,4,normal,rare,2,114954,88f0c189-c9ed-4ea3-ae62-3d8ac6c7fecf,4.99,near_mint,en,USD,2026-09-12T02:28:13.133Z,in,,
The Sackville-Bagginses,HOB,The Hobbit,83,normal,rare,2,114960,ed87b471-79f9-45ec-9188-69e970f6121e,1.25,near_mint,en,USD,2026-09-12T02:28:13.326Z,in,,
Bilbo's Gambit,HOB,The Hobbit,285,foil,rare,1,114989,fa74ca8a-8bcd-4dc5-ab2b-a2e18a70978e,10.99,near_mint,en,USD,2026-09-12T02:28:13.097Z,in,,
Wizard's Staff,HOB,The Hobbit,59,normal,rare,1,114991,0de529a7-bdc5-4581-a169-1ad123bc099a,4.99,near_mint,en,USD,2026-09-12T02:28:13.267Z,in,,
Inside Information,HOB,The Hobbit,76,normal,mythic,2,115004,9763bd56-fa4b-4907-ad15-c3f040c5fc0a,3.99,near_mint,en,USD,2026-09-12T02:28:13.110Z,in,,
Roll-Roll-Roll-Roll,HOB,The Hobbit,54,normal,rare,1,115007,a2e4099e-86bd-461f-87fa-7f7850ae7eec,0.49,near_mint,en,USD,2026-09-12T02:28:13.551Z,in,,
Head of the Hunt,HOB,The Hobbit,224,normal,rare,1,115012,d670ed30-e7e0-4908-ac9c-bdcab61092ef,1.25,near_mint,en,USD,2026-09-12T02:28:13.287Z,in,,
Cantankerous Keepers,HOB,The Hobbit,122,normal,rare,1,115014,fae46a70-a6d3-4584-859d-6c7425fb1508,0.59,near_mint,en,USD,2026-09-12T02:28:13.542Z,in,,
Dancing from Dark to Dawn,HOB,The Hobbit,123,normal,mythic,1,115022,550cd0b6-ca61-4db7-9d20-0b68c48066f9,11.99,near_mint,en,USD,2026-09-12T02:28:13.317Z,in,,
Great Ugly-Looking Goblin // Clap! Snap!,HOB,The Hobbit,223,normal,uncommon,1,115027,7f63f810-15a8-4bec-bd39-dbca453bcc1e,0.29,near_mint,en,USD,2026-09-12T02:28:13.661Z,in,,
"Dwalin, Weaponmaster",HOB,The Hobbit,154,normal,rare,2,115041,196d9287-a37d-4b27-a83b-a5489a54f081,0.49,near_mint,en,USD,2026-09-12T02:28:13.310Z,in,,
"Smaug, Wicked Worm",HOB,The Hobbit,164,normal,rare,2,115042,19cc91f0-e724-41ac-b6d8-9a293bd63b42,2.99,near_mint,en,USD,2026-09-12T02:28:13.278Z,in,,
Gigantic Big Bear,HOB,The Hobbit,126,normal,rare,2,115065,7d6ece3d-8e7a-41ad-974f-3c9748de4825,0.75,near_mint,en,USD,2026-09-12T02:28:13.254Z,in,,
Fateful Discovery,HOB,The Hobbit,40,normal,mythic,2,115072,a1142fa1-b861-4876-aa48-402af35aaa63,5.99,near_mint,en,USD,2026-09-12T02:28:13.116Z,in,,
Elven Passage,HOB,The Hobbit,181,normal,rare,3,115089,dd1fd2ab-2565-4798-a832-fc849df82f74,1.49,near_mint,en,USD,2026-09-12T02:28:13.283Z,in,,
Settle the Wreckage,HOB,The Hobbit,26,normal,rare,1,115098,31a7a5e2-4cb8-48fc-8351-18344b4a7560,0.75,near_mint,en,USD,2026-09-12T02:28:13.543Z,in,,
Rhovanion Rampager,HOB,The Hobbit,82,normal,rare,1,115101,5ee45a5e-3650-47b3-8d31-6b1de9e27a14,0.49,near_mint,en,USD,2026-09-12T02:28:13.546Z,in,,
Thranduil's Company,HOB,The Hobbit,168,foil,rare,1,115109,abdb9d4e-e6ca-409b-b589-0cf71724340b,0.99,near_mint,en,USD,2026-09-12T02:28:13.281Z,in,,
Thranduil's Company,HOB,The Hobbit,168,normal,rare,1,115109,abdb9d4e-e6ca-409b-b589-0cf71724340b,0.49,near_mint,en,USD,2026-09-12T02:28:13.259Z,in,,
The Notary Hobbits,HOB,The Hobbit,232,normal,rare,1,115110,b2b6ac15-2266-442a-99e5-96db904e1fd7,1.99,near_mint,en,USD,2026-09-12T02:28:13.328Z,in,,
The Notary Hobbits,HOB,The Hobbit,131,normal,rare,1,115113,d876315f-b269-4254-a517-905c6e927462,0.49,near_mint,en,USD,2026-09-12T02:28:13.548Z,in,,
Bejeweled Warg,HOB,The Hobbit,117,normal,rare,1,115115,e95eba5c-e0d6-46b4-a0be-8e373b2185ea,0.59,near_mint,en,USD,2026-09-12T02:28:13.256Z,in,,
Gleaming Splendor,HOB,The Hobbit,15,normal,mythic,1,115163,3b087bd4-bbb7-4963-bdb6-0a700ff19a04,59.99,near_mint,en,USD,2026-09-12T02:28:13.316Z,in,,
"Glamdring, Foe-hammer // Gleam of Death",HOB,The Hobbit,204,normal,rare,1,115176,53cd94e9-6006-4d43-8032-7920103740fa,2.75,near_mint,en,USD,2026-09-12T02:28:13.273Z,in,,
Bolg's Company,HOB,The Hobbit,149,normal,rare,2,115256,ea3f5644-f7e3-40de-ada5-cea2e9113cfb,0.49,near_mint,en,USD,2026-09-12T02:28:13.311Z,in,,
Arcbond,FRF,Fate Reforged,91,normal,rare,1,12035,9bc397d1-50a8-46cd-98b2-7104f2241420,0.99,near_mint,en,USD,2026-09-12T02:28:13.336Z,in,,
Lim-Dûl's Vault,C13,Commander 2013,197,normal,uncommon,1,15189,cec89c38-0b72-44b0-ac6c-7eb9503e1256,6.99,near_mint,en,USD,2026-09-12T02:28:13.178Z,in,,
Windfall,CM2,Commander Anthology Volume II,55,normal,uncommon,1,1682,011beb9f-0780-4b38-81ac-f1a9a0970303,6.99,near_mint,en,USD,2026-09-12T02:28:13.482Z,in,,
Steam Vents,GRN,Guilds of Ravnica,257,normal,rare,1,226,b8ebe3cf-7143-453a-b0ef-2f5bdaac3185,14.99,near_mint,en,USD,2026-09-12T02:28:13.405Z,in,,
Quicksand,A25,Masters 25,245,normal,uncommon,1,2471,ce833a90-7c1d-4c05-ace3-57e974c0769b,0.29,near_mint,en,USD,2026-09-12T02:28:13.419Z,in,,
Rest in Peace,A25,Masters 25,32,normal,rare,1,2684,9f2b39be-0fec-4647-ade1-8e1626dc5470,1.49,near_mint,en,USD,2026-09-12T02:28:13.499Z,in,,
Rite of Flame,CSP,Coldsnap,96,normal,common,1,27145,c062caf7-f0eb-44db-9f74-e6711a13fada,7.99,near_mint,en,USD,2026-09-12T02:28:13.235Z,in,,
Brass's Bounty,PRIX,Rivals of Ixalan Promos,94,foil,rare,1,2785,ab7c0987-8e84-44e2-b894-c36911bcff79,1.49,near_mint,en,USD,2026-09-12T02:28:13.562Z,in,,
"Isamaru, Hound of Konda",CHK,Champions of Kamigawa,19,normal,rare,1,29207,2e7f9919-0713-4ef9-96eb-3e0c444e47f4,3.49,near_mint,en,USD,2026-09-12T02:28:13.194Z,in,,
Skycloud Expanse,ODY,Odyssey,327,normal,rare,1,31850,c8c0da61-59c5-4206-83d9-c4676e169f01,12.99,near_mint,en,USD,2026-09-12T02:28:13.440Z,in,,
Boomerang,6ED,Classic Sixth Edition,58,normal,common,1,35319,ef3c7465-6534-4fa9-a772-8859b7210fdf,0.29,near_mint,en,USD,2026-09-12T02:28:13.293Z,in,,
Angel's Trumpet,ULG,Urza's Legacy,121,normal,uncommon,1,35399,0c7b248a-3c74-4592-b357-47989568298c,1.49,near_mint,en,USD,2026-09-12T02:28:13.490Z,in,,
"Teferi, Mage of Zhalfir",IMA,Iconic Masters,75,normal,rare,1,3550,19573a69-5022-4d63-9252-c8789602d051,1.99,near_mint,en,USD,2026-09-12T02:28:13.484Z,in,,
Disrupt,WTH,Weatherlight,37,normal,common,1,37260,c6cc89b0-9acf-452b-ac1a-bc7e90eb32fc,0.49,near_mint,en,USD,2026-09-12T02:28:13.294Z,in,,
"Ral, Storm Conduit",WAR,War of the Spark,211,normal,rare,1,44193,678ce3bf-152d-45ca-87ae-ad46c921328b,1.49,near_mint,en,USD,2026-09-12T02:28:13.483Z,in,,
Narset's Reversal,WAR,War of the Spark,62,normal,rare,1,44342,63754036-d51e-47bb-925b-564d9dc922ff,3.49,near_mint,en,USD,2026-09-12T02:28:13.237Z,in,,
Survivors' Encampment,HOU,Hour of Devastation,184,normal,common,1,4491,c7b0404e-0f42-456b-91ce-f960195c4951,0.75,near_mint,en,USD,2026-09-12T02:28:13.454Z,in,,
True Conviction,SS2,Signature Spellbook: Gideon,6,normal,rare,1,44957,f8f4c56b-76d1-4c1c-a9d6-383278de272d,5.99,near_mint,en,USD,2026-09-12T02:28:13.520Z,in,,
Cavalier of Flame,M20,Core Set 2020,125,normal,mythic,1,45336,0c18c541-758b-4237-9961-9637e996e8a5,3.99,near_mint,en,USD,2026-09-12T02:28:13.161Z,in,,
Rule of Law,M20,Core Set 2020,35,normal,uncommon,1,45426,a1f4e79b-b103-4380-afa0-61a2b1773c9e,0.49,near_mint,en,USD,2026-09-12T02:28:13.503Z,in,,
Bishop of Wings,M20,Core Set 2020,8,normal,rare,1,45453,ca42da05-330d-4050-a580-dc00f6faff24,4.99,near_mint,en,USD,2026-09-12T02:28:13.160Z,in,,
Clackbridge Troll,ELD,Throne of Eldraine,84,normal,rare,1,46254,85929131-4df6-415c-b592-aefb2943c477,0.99,near_mint,en,USD,2026-09-12T02:28:13.345Z,in,,
Mystical Dispute,ELD,Throne of Eldraine,58,normal,uncommon,1,46280,fbe04cb8-a8b9-4241-baae-b398a2509a3a,0.99,near_mint,en,USD,2026-09-12T02:28:13.297Z,in,,
Nyx Lotus,THB,Theros Beyond Death,235,normal,rare,1,46827,5bd6353f-d119-40e6-895c-030a11a7a2fe,6.79,near_mint,en,USD,2026-09-12T02:28:13.504Z,in,,
Rewind,M21,Core Set 2021,63,normal,uncommon,1,50966,b832abcc-9ffd-47bf-827a-01b303c610ee,0.49,near_mint,en,USD,2026-09-12T02:28:13.494Z,in,,
Isochron Scepter,2XM,Double Masters,264,normal,rare,1,51844,2aa24fe0-e275-4307-b26c-2a656068a451,14.99,near_mint,en,USD,2026-09-12T02:28:13.105Z,in,,
Throne of the God-Pharaoh,AKH,Amonkhet,237,normal,rare,1,5448,fe402b8e-f966-4971-90a5-950d8cff5025,8.99,near_mint,en,USD,2026-09-12T02:28:13.478Z,in,,
Mana Tithe,TSR,Time Spiral Remastered,26,normal,common,1,57764,9ae707d5-d81d-4320-b947-6016dc188898,0.75,near_mint,en,USD,2026-09-12T02:28:13.476Z,in,,
Archway Commons,STX,Strixhaven: School of Mages,263,normal,common,1,58393,f6f6a2ff-7eb7-4680-af2b-e69ac88a65c9,0.29,near_mint,en,USD,2026-09-12T02:28:13.455Z,in,,
Memory Lapse,STA,Strixhaven Mystical Archive,79,normal,rare,1,58417,13636e52-aee6-4262-9b4d-a2979193bfa3,,near_mint,en,USD,2026-09-12T02:28:13.386Z,in,,
Chaos Warp,STA,Strixhaven Mystical Archive,99,normal,mythic,1,58445,8cbb63b8-9c7f-411a-a1bf-6c9cccdc6307,,near_mint,en,USD,2026-09-12T02:28:13.387Z,in,,
Brainstorm,STA,Strixhaven Mystical Archive,76,normal,rare,1,58462,c6118d1d-28c1-4f54-97cb-c4f934b6739c,,near_mint,en,USD,2026-09-12T02:28:13.388Z,in,,
Key to the City,C21,Commander 2021,248,normal,rare,1,58736,f2103bba-f367-45ed-9b2c-bf31bb2926a5,0.75,near_mint,en,USD,2026-09-12T02:28:13.510Z,in,,
Seething Song,C21,Commander 2021,179,normal,common,1,58738,f493ce26-005c-4ddc-80f0-47bea4fd013a,12.99,near_mint,en,USD,2026-09-12T02:28:13.226Z,in,,
Cabal Coffers,MH2,Modern Horizons 2,301,normal,mythic,1,59844,e1efb0d3-2c72-46ff-bdc1-1069967365a0,34.99,near_mint,en,USD,2026-09-12T02:28:13.186Z,in,,
"Lier, Disciple of the Drowned",PMID,Innistrad: Midnight Hunt Promos,59p,normal,mythic,1,63935,d86768d5-0ae4-4171-a8f0-cbf7be6f35a4,2.49,near_mint,en,USD,2026-09-12T02:28:13.288Z,in,,
Lava Spike,PPRO,Pro Tour Promos,2022-1,foil,rare,1,67544,ff51dade-d015-44f2-bfe7-862e511a08e2,2.99,near_mint,en,USD,2026-09-12T02:28:13.210Z,in,,
Archivist of Oghma,CLB,Commander Legends: Battle for Baldur's Gate,553,normal,rare,1,69181,9a67ef30-a8ef-4437-8c9a-d125a98fbd6b,9.99,near_mint,en,USD,2026-09-12T02:28:13.489Z,in,,
Black Market,CLB,Commander Legends: Battle for Baldur's Gate,739,normal,rare,2,69566,78c80c6d-f3ae-48d3-ba6a-b9b738e1affb,6.99,near_mint,en,USD,2026-09-12T02:28:13.251Z,in,,
Crucible of Worlds,2X2,Double Masters 2022,303,normal,mythic,1,70338,7f4893ef-f983-418b-b7a4-5f073c844545,37.99,near_mint,en,USD,2026-09-12T02:28:13.227Z,in,,
Kayla's Command,BRO,The Brothers' War,9,normal,rare,1,75277,0737dbec-1646-41a0-adbf-706c9bd4fc7a,0.49,near_mint,en,USD,2026-09-12T02:28:13.571Z,in,,
Sigil of Valor,BRR,The Brothers' War Retro Artifacts,116,normal,uncommon,1,75937,2005d5e8-750a-44d6-b09b-d7df68dc6926,0.29,near_mint,en,USD,2026-09-12T02:28:13.509Z,in,,
Gamble,DMR,Dominaria Remastered,121,normal,rare,1,78029,8e37fae5-ddd0-4e16-8581-71579f89d9c5,22.99,near_mint,en,USD,2026-09-12T02:28:13.389Z,in,,
Gemstone Mine,DMR,Dominaria Remastered,247,normal,rare,1,78182,ee152618-761f-43b4-942a-f63b16c182cc,3.49,near_mint,en,USD,2026-09-12T02:28:13.472Z,in,,
Blackcleave Cliffs,ONE,Phyrexia: All Will Be One,370,foil,rare,1,78492,359ab776-e30c-4ccf-8fb8-8597812f131d,2.79,near_mint,en,USD,2026-09-12T02:28:13.434Z,in,,
"Otharri, Suns' Glory",ONC,Phyrexia: All Will Be One Commander,3,foil,mythic,1,78660,80c72839-0fa6-4b5f-83b7-6553ebf09bef,8.99,near_mint,en,USD,2026-09-12T02:28:13.191Z,in,,
Cut a Deal,ONC,Phyrexia: All Will Be One Commander,63,normal,uncommon,1,78860,cdfbf95a-44c7-4a3d-9bd9-00330d82fc36,0.49,near_mint,en,USD,2026-09-12T02:28:13.344Z,in,,
White Sun's Twilight,ONE,Phyrexia: All Will Be One,38,normal,rare,1,78983,fff13d77-8133-4328-b91e-efce229bc331,2.55,near_mint,en,USD,2026-09-12T02:28:13.572Z,in,,
Desertion,CN2,Conspiracy: Take the Crown,107,normal,rare,1,7990,b362151e-4ad6-4ae9-91e5-0e4a69d53ca5,1.99,near_mint,en,USD,2026-09-12T02:28:13.485Z,in,,
"Realmbreaker, the Invasion Tree",MOM,March of the Machine,263,normal,rare,2,81126,7b608134-cfc3-48bf-92d8-35d732fcde54,0.75,near_mint,en,USD,2026-09-12T02:28:13.552Z,in,,
Orcish Bowmasters,LTR,The Lord of the Rings: Tales of Middle-earth,103,normal,rare,1,83214,7c024bae-5631-4e20-ac69-df392ac9e109,54.99,near_mint,en,USD,2026-09-12T02:28:13.106Z,in,,
"Avacyn, Angel of Hope",CMM,Commander Masters,14,normal,mythic,1,84209,317f1133-7cf8-4b7a-919e-88c45f8c2c3a,44.99,near_mint,en,USD,2026-09-12T02:28:13.187Z,in,,
Fiery Emancipation,WOT,Wilds of Eldraine: Enchanting Tales,42,normal,rare,2,85541,8801efe9-e141-4790-9d97-af8fc0222833,13.99,near_mint,en,USD,2026-09-12T02:28:13.176Z,in,,
Leyline of Anticipation,WOT,Wilds of Eldraine: Enchanting Tales,23,normal,rare,1,85752,d789703e-81ae-48a7-8831-201ccdec5eba,6.79,near_mint,en,USD,2026-09-12T02:28:13.392Z,in,,
Snap,WOC,Wilds of Eldraine Commander,110,normal,common,1,85827,f21a70d2-53ec-4fee-b7bc-b459309fe657,3.99,near_mint,en,USD,2026-09-12T02:28:13.295Z,in,,
Quantum Misalignment,WHO,Doctor Who,52,normal,rare,1,87894,ceba3080-4e10-46b3-887c-e2d45581962b,13.99,near_mint,en,USD,2026-09-12T02:28:13.384Z,in,,
Restless Prairie,LCI,The Lost Caverns of Ixalan,348,normal,rare,1,88608,7802788a-8a40-40e7-9d33-58191d1d678a,0.49,near_mint,en,USD,2026-09-12T02:28:13.416Z,in,,
Pithing Needle,RVR,Ravnica Remastered,463,normal,rare,1,89770,81d82869-bb51-4a66-96ad-1ccd81a9734d,2.99,near_mint,en,USD,2026-09-12T02:28:13.149Z,in,,
Mortify,SCH,Store Championships,21,normal,rare,1,90029,139a4fc0-43d1-42df-b449-9c888d282fd2,0.75,near_mint,en,USD,2026-09-12T02:28:13.479Z,in,,
Nadir Kraken,MKC,Murders at Karlov Manor Commander,112,normal,rare,1,90328,3bd63804-d538-471f-b57f-e1023f7e14a8,0.49,near_mint,en,USD,2026-09-12T02:28:13.335Z,in,,
On the Trail,MKC,Murders at Karlov Manor Commander,39,normal,rare,1,90563,e5cf1f9f-2e35-49b1-af47-75fbe11f7b7e,3.39,near_mint,en,USD,2026-09-12T02:28:13.522Z,in,,
Lightning Helix,MKM,Murders at Karlov Manor,218,normal,uncommon,1,90820,4101e3fe-b0e7-4f0f-b9ac-9b61a4d628b3,0.29,near_mint,en,USD,2026-09-12T02:28:13.487Z,in,,
Clifftop Retreat,PIP,Fallout,258,normal,rare,1,92812,e6454d4c-5820-4cb8-b625-3d9a09778513,0.99,near_mint,en,USD,2026-09-12T02:28:13.435Z,in,,
Commandeer,OTP,Breaking News,9,normal,rare,1,93389,e473db8a-ee0e-4753-aaab-76eda5808075,2.99,near_mint,en,USD,2026-09-12T02:28:13.506Z,in,,
Jace Reawakened,OTJ,Outlaws of Thunder Junction,271,normal,mythic,1,93442,fd17e8d4-499e-4005-ae3c-bc9c44dc5a67,0.99,near_mint,en,USD,2026-09-12T02:28:13.508Z,in,,
Scattered Groves,OTC,Outlaws of Thunder Junction Commander,315,normal,rare,2,93467,0834b6e2-7a92-4767-8aca-9ec8961cd33e,0.49,near_mint,en,USD,2026-09-12T02:28:13.422Z,in,,
Ancient Greenwarden,OTC,Outlaws of Thunder Junction Commander,186,normal,mythic,1,93492,12a0bf5c-a165-48f1-9a57-3a7cc9f3b0f9,15.99,near_mint,en,USD,2026-09-12T02:28:13.245Z,in,,
Krosan Verge,OTC,Outlaws of Thunder Junction Commander,304,normal,uncommon,1,93511,19fc5bec-f877-430c-8e83-e6c5fe97f3c4,0.29,near_mint,en,USD,2026-09-12T02:28:13.502Z,in,,
Cactus Preserve,OTC,Outlaws of Thunder Junction Commander,40,normal,rare,1,93808,ad9d426f-5870-42bb-a589-9218f7e35d62,4.99,near_mint,en,USD,2026-09-12T02:28:13.467Z,in,,
Command Tower,M3C,Modern Horizons 3 Commander,331,normal,common,1,94722,27e36832-09ca-4070-8511-94580014c3ed,0.49,near_mint,en,USD,2026-09-12T02:28:13.461Z,in,,
Anthem of Champions,FDN,Foundations,116,normal,rare,1,95580,42fe3a40-9cbe-4235-86f9-32576aaebba8,0.75,near_mint,en,USD,2026-09-12T02:28:13.347Z,in,,
Day of Judgment,FDN,Foundations,140,normal,rare,1,95585,96e84bdc-8a9a-4c58-ba8b-9f052fd60069,1.49,near_mint,en,USD,2026-09-12T02:28:13.117Z,in,,
Mockingbird,BLB,Bloomburrow,61,normal,rare,2,95959,ade32396-8841-4ba4-8852-d11146607f21,4.49,near_mint,en,USD,2026-09-12T02:28:13.252Z,in,,
Stormchaser's Talent,BLB,Bloomburrow,75,normal,rare,2,96092,a36e682d-b43d-4e08-bf5b-70d7e924dbe5,4.25,near_mint,en,USD,2026-09-12T02:28:13.491Z,in,,
Mind Spring,BLB,Bloomburrow,389,normal,rare,1,96134,e7e7d174-eb7c-41ad-a241-cfbfdc71e3a7,0.85,near_mint,en,USD,2026-09-12T02:28:13.589Z,in,,
Perch Protection,BLC,Bloomburrow Commander,11,normal,rare,1,96197,1f81d6ea-9a76-43b9-b030-d40c5cfbeefe,3.99,near_mint,en,USD,2026-09-12T02:28:13.515Z,in,,
Ghirapur Orrery,BLC,Bloomburrow Commander,270,normal,rare,1,96230,2dde7d22-f235-4368-8fbe-17f6cf0508b3,0.49,near_mint,en,USD,2026-09-12T02:28:13.348Z,in,,
Glacial Fortress,BLC,Bloomburrow Commander,307,normal,rare,1,96356,805ce12b-58eb-4584-a02e-d55ce3e527ce,0.75,near_mint,en,USD,2026-09-12T02:28:13.477Z,in,,
Rootbound Crag,BLC,Bloomburrow Commander,326,normal,rare,1,96361,822bb322-1513-4288-befa-a7f27dd14253,0.99,near_mint,en,USD,2026-09-12T02:28:13.150Z,in,,
Tempt with Bunnies,BLC,Bloomburrow Commander,13,normal,rare,1,96381,90cc0369-dc9b-4e75-8e3c-ec0783fa13a9,4.99,near_mint,en,USD,2026-09-12T02:28:13.519Z,in,,
Bloodroot Apothecary,BLC,Bloomburrow Commander,27,normal,rare,1,96472,d39e0024-9a91-49d6-bfbf-9dbf7d228687,5.99,near_mint,en,USD,2026-09-12T02:28:13.521Z,in,,
Sunscorch Regent,BLC,Bloomburrow Commander,158,normal,rare,1,96484,da3ae3b5-a68c-4cca-adb5-5c350510bff0,0.75,near_mint,en,USD,2026-09-12T02:28:13.574Z,in,,
Rishadan Port,MB2,Mystery Booster 2,241,normal,rare,1,96657,125de79a-2b28-45ac-a066-92a9b73c3cb8,17.99,near_mint,en,USD,2026-09-12T02:28:13.169Z,in,,
Goblin Charbelcher,MB2,Mystery Booster 2,221,normal,rare,1,96673,1a825f83-0f7b-4ecd-857f-a232f225b274,0.99,near_mint,en,USD,2026-09-12T02:28:13.290Z,in,,
Black Vise,MB2,Mystery Booster 2,139,normal,uncommon,1,96757,43b2cd83-e7e9-4c02-82ef-74ba23f25d4e,1.25,near_mint,en,USD,2026-09-12T02:28:13.162Z,in,,
Contamination,MB2,Mystery Booster 2,178,normal,rare,1,96783,55b2a121-e0d8-46d6-b1dc-fd857ea109f4,7.99,near_mint,en,USD,2026-09-12T02:28:13.231Z,in,,
Crackdown,MB2,Mystery Booster 2,146,normal,rare,1,96807,5dbc1e48-b148-41a5-b0aa-50aaa7d0d5e8,1.49,near_mint,en,USD,2026-09-12T02:28:13.104Z,in,,
Greater Good,MB2,Mystery Booster 2,207,normal,rare,1,96817,6378a9f5-9fe4-4e41-9bde-4eb4081bfdc4,4.55,near_mint,en,USD,2026-09-12T02:28:13.184Z,in,,
Goblin King,MB2,Mystery Booster 2,191,normal,rare,1,96821,6524a705-d6b0-405d-a10c-d3e46224e8fb,5.99,near_mint,en,USD,2026-09-12T02:28:13.159Z,in,,
Relentless Assault,MB2,Mystery Booster 2,132,normal,rare,1,96883,867b1839-1632-45e1-99fa-a85e65003414,3.49,near_mint,en,USD,2026-09-12T02:28:13.170Z,in,,
Valley Floodcaller,PBLB,Bloomburrow Promos,79s,foil,rare,1,96967,ab0c3356-5cc3-4549-a8fd-13e745f0e261,6.99,near_mint,en,USD,2026-09-12T02:28:13.474Z,in,,
Cabal Ritual,MB2,Mystery Booster 2,177,normal,common,1,96999,b8a8df5d-9582-4797-ae26-f64668972a1b,17.99,near_mint,en,USD,2026-09-12T02:28:13.099Z,in,,
Rest in Peace,MB2,Mystery Booster 2,150,normal,rare,2,97039,cda8edb5-f42d-46a4-8469-a121222c7e75,1.49,near_mint,en,USD,2026-09-12T02:28:13.240Z,in,,
Erratic Portal,MB2,Mystery Booster 2,220,normal,rare,1,97071,dc4755b5-30d0-4c72-ba5b-c7ec430fff2c,1.99,near_mint,en,USD,2026-09-12T02:28:13.173Z,in,,
"Iona, Shield of Emeria",MB2,Mystery Booster 2,12,normal,mythic,1,97096,e70bac07-b011-4c30-a29e-1852b23a3ed6,4.49,near_mint,en,USD,2026-09-12T02:28:13.219Z,in,,
Equilibrium,MB2,Mystery Booster 2,162,normal,rare,1,97146,fd1a9d08-0b43-42c3-947c-16e369d691f8,1.25,near_mint,en,USD,2026-09-12T02:28:13.147Z,in,,
"Aesi, Tyrant of Gyre Strait",PLST,The List,CMR-365,normal,mythic,1,97383,197f1c07-e570-42f9-9cb1-bf67634d765d,13.99,near_mint,en,USD,2026-09-12T02:28:13.197Z,in,,
Ghost Vacuum,DSK,Duskmourn: House of Horror,326,normal,rare,1,98729,abf254c0-7c3c-4b68-8b3e-4ae444baa886,4.99,near_mint,en,USD,2026-09-12T02:28:13.204Z,in,,
Formless Genesis,DSC,Duskmourn: House of Horror Commander,34,normal,rare,1,99223,7b8f0323-8027-49cb-962e-a06badb1c41b,0.49,near_mint,en,USD,2026-09-12T02:28:13.217Z,in,,
Whip of Erebos,DSC,Duskmourn: House of Horror Commander,159,normal,rare,1,99309,b738612f-4e78-4b19-9392-6c074956d6e4,9.99,near_mint,en,USD,2026-09-12T02:28:13.203Z,in,,
Inscription of Abundance,DSC,Duskmourn: House of Horror Commander,186,normal,rare,1,99354,d0429a79-af7a-4de1-be3a-773498cfdc22,0.99,near_mint,en,USD,2026-09-12T02:28:13.561Z,in,,
Witch's Clinic,DSC,Duskmourn: House of Horror Commander,325,normal,rare,1,99358,d2422e3e-a923-4516-b87c-cac748354dca,15.99,near_mint,en,USD,2026-09-12T02:28:13.233Z,in,,
Dryad Arbor,DSC,Duskmourn: House of Horror Commander,273,normal,rare,1,99383,e3ddbebf-72cd-4d1b-ba0d-d94934654ab7,4.25,near_mint,en,USD,2026-09-12T02:28:13.417Z,in,,
Enduring Curiosity,PDSK,Duskmourn: House of Horror Promos,51p,normal,rare,1,99887,8d980821-091a-44d4-8fc3-66e85cdb71ee,8.99,near_mint,en,USD,2026-09-12T02:28:13.229Z,in,,
Mayhem Devil,SLP,Secret Lair Promo,28,normal,rare,2,99994,e7c570c4-6637-4269-a59f-6448d85dfc50,1.99,near_mint,en,USD,2026-09-12T02:28:13.280Z,in,,
